-- MySQL dump 10.13  Distrib 8.0.18, for Linux (x86_64)
--
-- Host: localhost    Database: vk
-- ------------------------------------------------------
-- Server version	8.0.18

/*!40101 SET @OLD_CHARACTER_SET_CLIENT=@@CHARACTER_SET_CLIENT */;
/*!40101 SET @OLD_CHARACTER_SET_RESULTS=@@CHARACTER_SET_RESULTS */;
/*!40101 SET @OLD_COLLATION_CONNECTION=@@COLLATION_CONNECTION */;
/*!50503 SET NAMES utf8mb4 */;
/*!40103 SET @OLD_TIME_ZONE=@@TIME_ZONE */;
/*!40103 SET TIME_ZONE='+00:00' */;
/*!40014 SET @OLD_UNIQUE_CHECKS=@@UNIQUE_CHECKS, UNIQUE_CHECKS=0 */;
/*!40014 SET @OLD_FOREIGN_KEY_CHECKS=@@FOREIGN_KEY_CHECKS, FOREIGN_KEY_CHECKS=0 */;
/*!40101 SET @OLD_SQL_MODE=@@SQL_MODE, SQL_MODE='NO_AUTO_VALUE_ON_ZERO' */;
/*!40111 SET @OLD_SQL_NOTES=@@SQL_NOTES, SQL_NOTES=0 */;

--
-- Table structure for table `communities`
--

DROP TABLE IF EXISTS `communities`;
/*!40101 SET @saved_cs_client     = @@character_set_client */;
/*!50503 SET character_set_client = utf8mb4 */;
CREATE TABLE `communities` (
  `id` int(10) unsigned NOT NULL AUTO_INCREMENT,
  `name` varchar(150) CHARACTER SET utf8 COLLATE utf8_unicode_ci NOT NULL,
  PRIMARY KEY (`id`),
  UNIQUE KEY `name` (`name`)
) ENGINE=InnoDB AUTO_INCREMENT=101 DEFAULT CHARSET=utf8 COLLATE=utf8_unicode_ci;
/*!40101 SET character_set_client = @saved_cs_client */;

--
-- Dumping data for table `communities`
--

LOCK TABLES `communities` WRITE;
/*!40000 ALTER TABLE `communities` DISABLE KEYS */;
INSERT INTO `communities` VALUES (37,'aliquid'),(66,'amet'),(28,'animi'),(72,'aperiam'),(11,'architecto'),(76,'asperiores'),(38,'aut'),(48,'autem'),(9,'commodi'),(56,'consectetur'),(13,'consequatur'),(47,'cum'),(95,'debitis'),(12,'delectus'),(94,'dignissimos'),(55,'dolor'),(81,'dolorem'),(78,'doloremque'),(30,'dolores'),(61,'dolorum'),(93,'ducimus'),(29,'ea'),(96,'earum'),(5,'eligendi'),(45,'enim'),(84,'esse'),(60,'est'),(27,'et'),(50,'eum'),(34,'eveniet'),(22,'ex'),(92,'excepturi'),(73,'exercitationem'),(36,'facere'),(17,'facilis'),(3,'hic'),(40,'id'),(87,'illo'),(39,'illum'),(21,'in'),(53,'ipsa'),(65,'ipsam'),(75,'iure'),(77,'laborum'),(68,'laudantium'),(2,'magnam'),(46,'magni'),(43,'maiores'),(62,'minima'),(89,'minus'),(64,'molestiae'),(88,'molestias'),(91,'mollitia'),(100,'nam'),(19,'necessitatibus'),(59,'nemo'),(82,'neque'),(42,'nesciunt'),(70,'nihil'),(35,'nobis'),(16,'non'),(85,'nulla'),(99,'odit'),(14,'omnis'),(49,'perferendis'),(51,'placeat'),(54,'possimus'),(23,'provident'),(90,'quam'),(4,'quas'),(26,'quasi'),(15,'qui'),(18,'quia'),(74,'quidem'),(41,'quis'),(52,'quisquam'),(24,'quo'),(8,'quos'),(44,'ratione'),(25,'rem'),(6,'repellat'),(98,'repellendus'),(80,'rerum'),(67,'sed'),(63,'similique'),(1,'sint'),(31,'sunt'),(69,'suscipit'),(58,'tempore'),(7,'temporibus'),(83,'tenetur'),(71,'totam'),(10,'ut'),(33,'vel'),(79,'velit'),(97,'veniam'),(57,'vero'),(20,'voluptatem'),(86,'voluptatibus'),(32,'voluptatum');
/*!40000 ALTER TABLE `communities` ENABLE KEYS */;
UNLOCK TABLES;

--
-- Table structure for table `communities_users`
--

DROP TABLE IF EXISTS `communities_users`;
/*!40101 SET @saved_cs_client     = @@character_set_client */;
/*!50503 SET character_set_client = utf8mb4 */;
CREATE TABLE `communities_users` (
  `community_id` int(10) unsigned NOT NULL,
  `user_id` int(10) unsigned NOT NULL,
  PRIMARY KEY (`community_id`,`user_id`)
) ENGINE=InnoDB DEFAULT CHARSET=utf8 COLLATE=utf8_unicode_ci;
/*!40101 SET character_set_client = @saved_cs_client */;

--
-- Dumping data for table `communities_users`
--

LOCK TABLES `communities_users` WRITE;
/*!40000 ALTER TABLE `communities_users` DISABLE KEYS */;
INSERT INTO `communities_users` VALUES (1,82),(2,38),(3,63),(4,74),(5,48),(6,6),(7,76),(8,49),(9,27),(10,13),(11,22),(12,56),(13,36),(14,26),(15,71),(16,88),(17,29),(18,66),(19,32),(20,42),(21,60),(22,15),(23,83),(24,30),(25,14),(26,1),(27,20),(28,28),(29,72),(30,100),(31,52),(32,8),(33,70),(34,25),(35,18),(36,79),(37,40),(38,92),(39,39),(40,99),(41,51),(42,55),(43,69),(44,97),(45,10),(46,35),(47,87),(48,12),(49,93),(50,95),(51,7),(52,4),(53,41),(54,16),(55,61),(56,21),(57,98),(58,85),(59,64),(60,89),(61,86),(62,80),(63,5),(64,81),(65,65),(66,11),(67,3),(68,24),(69,2),(70,94),(71,68),(72,78),(73,33),(74,67),(75,17),(76,84),(77,44),(78,47),(79,45),(80,50),(81,54),(82,31),(83,91),(84,53),(85,75),(86,19),(87,34),(88,43),(89,62),(90,57),(91,46),(92,58),(93,73),(94,96),(95,9),(96,23),(97,77),(98,59),(99,37),(100,90);
/*!40000 ALTER TABLE `communities_users` ENABLE KEYS */;
UNLOCK TABLES;

--
-- Table structure for table `friendship`
--

DROP TABLE IF EXISTS `friendship`;
/*!40101 SET @saved_cs_client     = @@character_set_client */;
/*!50503 SET character_set_client = utf8mb4 */;
CREATE TABLE `friendship` (
  `user_id` int(10) unsigned NOT NULL,
  `friend_id` int(10) unsigned NOT NULL,
  `status_id` int(10) unsigned NOT NULL,
  `requested_at` datetime DEFAULT CURRENT_TIMESTAMP,
  `confirmed_at` datetime DEFAULT NULL,
  PRIMARY KEY (`user_id`,`friend_id`)
) ENGINE=InnoDB DEFAULT CHARSET=utf8 COLLATE=utf8_unicode_ci;
/*!40101 SET character_set_client = @saved_cs_client */;

--
-- Dumping data for table `friendship`
--

LOCK TABLES `friendship` WRITE;
/*!40000 ALTER TABLE `friendship` DISABLE KEYS */;
INSERT INTO `friendship` VALUES (1,8,5,'2019-02-17 09:46:19','2016-11-10 23:43:19'),(1,19,1,'2019-02-15 15:34:13','2018-02-21 15:57:09'),(1,25,4,'2019-07-20 18:56:56','2019-09-14 04:33:34'),(1,26,3,'2017-12-09 06:05:14','2018-12-21 06:35:03'),(1,44,1,'2017-06-04 10:17:42','2017-11-11 13:40:53'),(1,63,5,'2015-09-01 07:30:00','2016-06-05 23:20:30'),(1,73,1,'2015-08-13 02:41:13','2015-02-18 01:05:42'),(1,74,4,'2019-03-21 05:02:38','2015-11-10 02:50:33'),(1,75,1,'2015-09-02 20:52:22','2019-02-21 17:59:55'),(1,79,3,'2018-11-12 02:49:09','2019-04-23 11:13:36'),(1,98,4,'2019-07-23 14:07:46','2018-06-14 18:10:39'),(2,4,2,'2018-03-07 01:44:56','2015-02-01 02:34:20'),(2,11,1,'2018-06-27 09:55:38','2019-09-21 08:24:36'),(2,41,2,'2017-07-13 08:05:21','2016-07-11 22:49:55'),(2,43,1,'2016-10-31 11:06:44','2018-02-17 07:21:21'),(2,47,3,'2015-03-27 12:45:00','2019-10-30 18:11:20'),(2,60,1,'2015-12-06 07:57:01','2019-11-14 06:11:24'),(2,64,1,'2018-07-03 19:18:25','2015-03-20 08:28:20'),(2,81,3,'2017-09-15 19:39:30','2018-04-16 10:37:26'),(2,85,1,'2015-02-12 04:43:22','2017-04-02 22:12:26'),(2,86,5,'2018-01-16 15:07:47','2016-02-06 10:38:15'),(3,35,5,'2017-11-30 06:48:32','2015-03-06 02:04:37'),(3,41,3,'2017-02-26 03:51:31','2015-02-16 14:43:28'),(3,55,2,'2017-10-07 05:30:34','2019-12-22 04:52:49'),(3,73,5,'2015-12-24 13:07:40','2016-11-22 16:40:16'),(3,74,5,'2018-06-27 19:46:17','2016-08-09 11:37:03'),(3,100,4,'2017-03-31 02:29:51','2015-12-02 15:43:30'),(4,5,2,'2019-12-24 13:55:43','2019-11-03 15:52:56'),(4,9,2,'2016-02-11 15:48:11','2017-08-09 14:05:20'),(4,16,5,'2015-12-18 08:24:52','2019-10-29 10:36:14'),(4,31,2,'2017-09-08 03:44:34','2017-01-28 20:30:12'),(4,47,1,'2018-09-20 07:26:08','2016-11-09 05:13:15'),(4,55,1,'2016-12-24 00:57:21','2018-07-14 15:17:36'),(4,75,4,'2016-01-21 02:18:23','2016-11-17 01:20:31'),(4,81,2,'2019-08-30 01:01:11','2017-06-28 13:31:08'),(4,83,4,'2015-09-29 08:46:05','2017-05-07 12:34:17'),(4,86,5,'2016-01-04 01:25:30','2015-08-10 07:05:30'),(4,93,4,'2019-05-06 07:30:10','2019-06-21 07:40:32'),(4,96,5,'2019-10-21 23:12:27','2018-11-28 19:50:08'),(4,97,1,'2015-04-22 10:48:06','2017-02-03 07:39:04'),(5,4,5,'2017-08-17 02:13:05','2017-09-23 23:36:53'),(5,21,4,'2016-01-05 18:32:40','2016-01-25 07:38:32'),(5,34,2,'2019-05-12 04:39:46','2016-12-31 06:08:20'),(5,40,3,'2018-01-02 02:31:28','2015-01-29 06:14:17'),(5,45,2,'2015-10-14 02:26:40','2015-10-04 18:34:27'),(5,47,2,'2016-01-31 02:30:57','2016-10-17 17:56:14'),(5,63,1,'2017-05-20 16:19:18','2019-08-27 05:38:59'),(5,83,1,'2019-07-28 08:09:37','2015-09-14 21:30:52'),(6,1,3,'2017-02-05 14:08:28','2015-01-20 02:24:17'),(6,11,1,'2015-06-02 21:57:30','2018-11-01 03:48:12'),(6,14,5,'2016-07-12 17:20:46','2015-01-18 07:48:36'),(6,15,3,'2016-06-16 14:55:49','2018-10-15 05:13:35'),(6,45,5,'2015-05-18 10:45:23','2018-04-15 20:55:18'),(6,60,5,'2016-10-23 05:33:50','2020-01-13 22:09:30'),(6,62,5,'2018-02-03 05:46:18','2016-08-15 03:45:46'),(6,67,2,'2015-03-13 12:56:06','2017-06-18 05:19:00'),(6,70,2,'2018-10-31 11:26:31','2016-02-21 21:45:40'),(6,79,1,'2016-04-28 02:14:49','2015-10-02 23:20:37'),(6,88,3,'2015-05-17 10:21:53','2016-10-28 08:35:22'),(6,89,4,'2019-02-03 19:16:07','2019-11-11 20:45:17'),(6,96,4,'2015-12-07 03:06:15','2016-03-22 12:56:37'),(6,99,5,'2016-11-03 19:40:31','2018-01-22 21:22:52'),(7,3,2,'2016-05-07 01:30:37','2017-06-29 08:23:36'),(7,8,4,'2016-10-18 08:31:11','2016-06-09 17:10:20'),(7,13,3,'2018-04-02 01:29:00','2016-06-10 07:37:14'),(7,34,2,'2017-11-14 02:04:35','2016-05-05 06:08:51'),(7,43,1,'2016-08-31 23:35:24','2019-06-14 06:12:52'),(7,59,2,'2015-04-28 15:00:37','2017-03-08 13:35:29'),(7,64,3,'2018-04-25 12:53:30','2017-04-15 20:22:59'),(8,5,5,'2019-10-04 10:47:06','2016-08-03 11:33:14'),(8,14,5,'2017-10-29 18:29:43','2018-06-21 11:47:27'),(8,16,5,'2018-10-31 04:22:33','2017-09-15 05:02:03'),(8,30,5,'2017-04-30 07:42:12','2015-11-09 02:15:34'),(8,46,4,'2019-03-15 17:03:49','2016-08-20 14:13:46'),(8,82,3,'2015-06-08 06:51:40','2016-09-08 18:30:04'),(8,87,2,'2015-05-29 19:01:34','2018-02-05 11:12:17'),(8,92,2,'2015-03-18 18:34:30','2016-07-02 09:00:32'),(9,6,5,'2016-07-21 10:48:50','2015-03-06 17:29:45'),(9,26,2,'2019-07-11 16:50:03','2016-11-11 02:30:46'),(9,47,4,'2019-04-05 22:22:23','2016-07-16 03:12:23'),(9,52,3,'2017-03-03 22:11:23','2019-06-01 17:23:10'),(9,56,1,'2019-05-18 12:45:38','2019-02-28 20:29:01'),(9,69,5,'2016-07-24 03:58:39','2019-06-12 03:07:45'),(9,91,4,'2019-11-06 04:53:08','2016-01-22 22:42:05'),(9,100,1,'2018-05-10 16:49:46','2018-01-02 16:47:18'),(10,3,4,'2019-12-12 16:13:48','2019-02-23 21:13:11'),(10,14,2,'2016-10-25 11:14:57','2017-04-23 09:56:52'),(10,22,2,'2018-02-20 03:59:51','2015-10-16 08:30:18'),(10,36,1,'2019-04-07 08:55:58','2016-09-06 18:55:51'),(10,85,3,'2019-01-02 09:13:38','2016-01-28 03:16:04'),(10,90,3,'2017-03-21 00:20:58','2017-05-14 13:03:25'),(10,91,1,'2019-10-18 19:38:55','2017-09-05 09:26:11'),(11,9,4,'2015-05-19 02:00:35','2015-12-29 11:59:34'),(11,25,1,'2016-05-19 03:29:55','2017-02-03 05:16:56'),(11,30,2,'2017-12-07 13:47:06','2019-01-22 17:22:04'),(11,33,2,'2015-09-29 03:25:01','2018-11-14 20:01:33'),(11,40,2,'2016-05-19 05:04:34','2018-03-15 13:01:09'),(11,44,5,'2019-01-03 18:07:12','2016-05-31 00:48:20'),(11,49,5,'2017-03-30 20:36:43','2019-05-14 15:43:11'),(11,61,1,'2018-01-13 22:28:03','2017-07-24 13:19:28'),(11,66,2,'2019-07-10 20:19:22','2017-12-01 14:50:13'),(11,73,5,'2018-08-30 16:33:37','2015-04-30 02:38:49'),(11,74,5,'2017-12-17 13:08:28','2019-05-20 10:06:11'),(12,17,3,'2017-01-26 01:10:24','2018-02-07 20:05:32'),(12,32,1,'2017-05-18 15:59:33','2018-05-04 05:49:36'),(12,36,4,'2019-11-04 09:39:15','2017-03-09 12:08:57'),(12,40,3,'2015-07-06 06:40:39','2015-04-27 08:00:36'),(12,46,5,'2018-06-25 05:22:31','2018-09-23 14:44:35'),(12,52,5,'2016-09-07 02:49:52','2017-04-04 21:31:33'),(12,55,3,'2017-06-01 08:32:16','2016-12-25 05:12:29'),(12,82,1,'2017-12-31 20:22:52','2017-06-05 17:04:02'),(12,86,1,'2016-10-29 15:15:55','2017-03-05 00:30:04'),(12,92,2,'2019-09-10 09:07:25','2018-09-04 15:44:08'),(12,96,4,'2015-08-24 11:48:49','2018-12-06 22:15:13'),(13,17,3,'2016-10-02 17:57:11','2015-04-23 06:49:22'),(13,60,4,'2016-08-16 07:30:24','2019-09-18 20:14:20'),(13,73,1,'2016-06-02 17:17:20','2018-04-05 05:43:37'),(13,79,1,'2018-06-03 04:32:24','2019-11-20 17:56:36'),(13,86,5,'2019-07-27 14:48:20','2016-01-06 21:51:47'),(13,91,1,'2018-03-04 06:37:26','2016-07-02 07:50:14'),(14,10,2,'2017-02-17 00:56:31','2015-12-14 14:47:29'),(14,15,5,'2019-05-25 22:13:30','2015-06-07 18:04:02'),(14,24,2,'2017-01-17 18:13:53','2017-10-30 22:34:02'),(14,28,2,'2015-10-28 15:07:11','2015-09-07 10:56:46'),(14,30,2,'2015-03-13 00:28:54','2018-10-07 00:58:13'),(14,48,5,'2015-05-27 17:10:19','2015-03-09 04:03:50'),(14,58,1,'2019-03-18 14:22:55','2016-01-19 13:38:41'),(14,74,4,'2019-01-05 10:24:35','2017-02-08 10:52:15'),(14,100,4,'2020-01-14 22:06:15','2019-01-15 03:04:31'),(15,1,3,'2015-09-10 08:34:06','2019-03-19 11:59:54'),(15,3,5,'2018-10-13 21:40:27','2015-12-07 20:48:10'),(15,22,3,'2015-12-10 18:30:56','2019-08-19 17:41:30'),(15,37,2,'2019-01-29 07:07:51','2015-04-08 12:41:48'),(15,44,4,'2019-09-24 22:55:27','2018-01-14 17:33:13'),(15,58,4,'2017-08-09 03:29:29','2018-03-28 14:28:25'),(15,73,3,'2017-03-27 05:44:01','2017-01-30 22:26:00'),(15,82,4,'2018-04-22 14:59:14','2017-10-17 09:01:38'),(15,95,2,'2017-02-08 00:50:50','2019-01-18 02:44:11'),(15,96,3,'2018-02-01 02:53:28','2016-03-29 07:11:29'),(16,13,3,'2019-05-15 21:42:37','2019-06-05 02:07:25'),(16,56,3,'2016-04-02 12:09:53','2017-05-30 20:09:00'),(16,61,5,'2015-11-11 04:06:22','2017-09-18 00:05:12'),(17,28,4,'2019-06-12 10:45:11','2017-05-04 19:14:20'),(17,32,2,'2018-02-25 06:33:19','2016-12-21 02:03:38'),(17,41,1,'2015-05-10 18:59:16','2018-03-27 18:37:26'),(17,47,5,'2016-07-04 05:43:24','2019-07-25 22:58:42'),(17,56,1,'2019-08-01 06:00:30','2017-08-17 20:58:44'),(17,68,5,'2019-08-09 08:21:15','2016-02-07 23:42:20'),(17,89,5,'2015-01-25 07:42:29','2016-08-21 21:56:53'),(17,95,3,'2018-01-31 06:03:41','2017-01-30 00:50:06'),(17,98,3,'2015-06-10 02:57:28','2016-10-14 18:48:07'),(18,11,3,'2018-07-29 13:15:59','2018-10-08 00:50:57'),(18,12,3,'2017-11-21 09:19:35','2019-04-24 06:46:28'),(18,42,1,'2016-08-26 03:05:37','2019-08-22 02:05:33'),(18,50,3,'2017-03-02 17:23:15','2017-02-13 03:44:49'),(18,57,5,'2019-09-05 20:44:33','2016-07-18 12:37:42'),(18,60,1,'2017-04-10 17:40:32','2016-08-29 02:48:13'),(18,66,1,'2015-06-27 01:35:37','2019-03-13 08:38:38'),(18,67,2,'2016-11-11 16:25:09','2015-07-26 04:49:34'),(18,73,3,'2019-05-21 05:08:18','2016-06-07 04:23:56'),(18,88,5,'2019-06-06 06:31:24','2017-04-24 20:39:09'),(18,92,5,'2017-08-03 01:05:46','2015-09-05 01:23:43'),(19,4,2,'2018-01-19 18:26:59','2019-10-27 13:55:42'),(19,9,3,'2019-02-20 06:55:25','2019-03-10 02:50:32'),(19,18,4,'2015-10-02 13:03:04','2017-08-10 20:41:12'),(19,21,4,'2018-09-10 05:24:17','2015-06-12 15:00:18'),(19,22,1,'2017-01-20 12:00:45','2018-10-14 07:30:42'),(19,26,3,'2017-07-14 18:40:16','2017-04-24 05:32:04'),(19,30,4,'2016-10-29 16:17:04','2015-03-27 03:32:48'),(19,36,2,'2015-07-18 05:12:13','2017-05-15 01:54:57'),(19,66,1,'2015-12-28 19:27:45','2016-03-18 04:17:17'),(19,71,3,'2015-11-13 14:54:52','2016-04-22 10:13:27'),(19,85,2,'2015-07-26 09:57:32','2016-01-02 05:23:56'),(19,90,5,'2019-04-15 20:04:26','2018-02-15 06:03:27'),(20,22,5,'2019-03-22 22:30:08','2019-08-27 03:17:57'),(20,23,1,'2017-03-27 11:33:40','2016-11-04 03:03:23'),(20,24,1,'2016-11-25 14:51:45','2017-03-18 10:53:18'),(20,29,4,'2018-06-22 10:02:30','2018-06-10 01:24:03'),(20,32,5,'2019-06-23 05:19:38','2017-06-07 09:05:28'),(20,39,3,'2017-10-18 10:44:42','2018-03-02 06:52:26'),(20,40,2,'2016-05-17 22:01:23','2015-04-17 14:30:28'),(20,44,4,'2019-09-24 12:41:44','2015-11-23 12:03:02'),(20,48,3,'2018-08-22 05:35:49','2016-03-19 09:24:02'),(20,54,3,'2019-12-28 19:42:24','2017-12-06 08:45:06'),(20,62,2,'2018-01-14 21:39:52','2019-09-19 15:14:11'),(20,65,2,'2015-05-24 06:21:40','2018-10-09 14:35:23'),(20,67,5,'2016-02-27 23:26:42','2016-07-10 23:21:31'),(20,71,3,'2017-12-22 22:49:28','2018-06-14 05:00:28'),(20,82,3,'2018-04-20 19:24:02','2017-09-19 12:29:05'),(21,25,5,'2015-07-25 08:40:50','2016-05-13 08:55:16'),(21,30,1,'2015-01-21 03:15:23','2016-08-03 09:39:59'),(21,50,3,'2018-04-22 01:09:46','2016-03-05 18:12:50'),(21,58,5,'2018-04-06 21:37:09','2016-09-28 06:41:19'),(21,60,1,'2017-10-26 12:23:01','2017-01-01 18:56:04'),(21,72,2,'2016-04-21 13:20:36','2016-03-27 16:46:25'),(21,79,4,'2019-08-02 02:11:30','2018-02-14 04:12:43'),(21,84,2,'2015-05-30 18:00:41','2015-08-31 09:03:19'),(22,3,5,'2015-07-14 09:56:33','2018-12-29 23:22:23'),(22,9,2,'2019-08-30 03:10:36','2017-03-04 03:51:45'),(22,23,1,'2015-03-07 07:56:39','2019-04-19 06:53:10'),(22,28,1,'2017-12-11 16:26:00','2019-09-14 10:35:15'),(22,45,1,'2016-02-04 18:56:06','2016-01-27 10:47:51'),(22,57,5,'2017-06-10 02:32:01','2018-09-29 09:28:54'),(22,58,4,'2018-01-06 10:53:51','2015-08-22 23:44:01'),(22,66,1,'2017-03-12 04:44:20','2018-12-04 03:23:42'),(22,75,5,'2015-07-07 21:04:11','2017-11-20 20:24:53'),(22,91,2,'2018-09-09 08:13:43','2015-03-25 19:40:54'),(22,96,4,'2017-05-05 20:25:34','2017-02-11 05:30:27'),(22,98,2,'2019-09-19 08:41:56','2016-05-23 04:19:57'),(23,9,5,'2018-04-19 11:45:27','2016-01-28 23:52:01'),(23,10,1,'2016-06-16 05:14:18','2015-01-19 16:54:14'),(23,23,2,'2019-11-13 06:54:31','2017-08-16 04:21:40'),(23,24,5,'2018-03-14 19:30:39','2017-09-25 09:23:15'),(23,35,5,'2018-06-29 19:38:59','2017-05-08 18:10:09'),(23,40,4,'2016-12-06 07:09:59','2015-02-09 09:53:09'),(23,53,3,'2018-03-12 03:33:43','2016-10-01 13:44:03'),(23,56,1,'2015-03-31 14:46:47','2019-02-14 21:24:58'),(23,58,2,'2016-06-06 05:51:31','2015-07-02 16:00:39'),(23,79,3,'2017-01-14 20:12:27','2016-01-25 21:59:01'),(23,94,2,'2015-12-13 11:07:36','2015-10-30 05:36:54'),(23,96,3,'2015-02-10 10:03:24','2015-06-14 13:53:24'),(24,1,4,'2016-07-05 05:03:34','2015-06-02 19:45:43'),(24,3,5,'2017-10-08 01:35:43','2017-10-09 15:40:53'),(24,7,4,'2017-04-27 09:34:40','2016-04-23 18:52:26'),(24,11,3,'2015-04-02 22:17:35','2017-05-22 13:17:13'),(24,25,2,'2016-05-29 09:10:24','2015-09-25 01:55:41'),(24,63,1,'2015-06-29 15:27:49','2015-03-15 12:16:37'),(24,78,3,'2017-07-08 07:00:18','2017-10-28 05:36:11'),(25,19,3,'2019-01-23 02:38:05','2017-12-09 04:23:47'),(25,24,4,'2016-03-17 02:40:14','2015-11-04 19:58:27'),(25,25,2,'2015-08-02 05:40:44','2017-08-16 16:46:21'),(25,29,2,'2015-11-12 20:34:13','2015-08-06 09:26:56'),(25,32,2,'2018-03-03 02:21:18','2016-10-28 23:19:07'),(25,46,4,'2017-12-14 20:10:30','2017-06-14 09:49:14'),(25,47,4,'2016-02-21 18:24:59','2017-11-20 16:02:01'),(25,61,5,'2017-10-19 00:45:33','2015-05-16 10:46:19'),(25,81,5,'2017-05-23 13:26:02','2015-05-24 17:15:28'),(25,96,3,'2016-03-11 23:46:11','2018-01-07 07:04:13'),(25,100,2,'2018-03-09 18:58:12','2017-11-21 11:14:34'),(26,1,1,'2016-11-24 06:10:21','2016-02-09 00:59:35'),(26,12,5,'2015-02-16 14:02:59','2016-12-12 18:30:00'),(26,28,3,'2018-02-27 13:02:42','2015-05-05 17:02:55'),(26,45,4,'2018-08-21 02:50:37','2015-07-22 01:52:33'),(26,48,3,'2015-05-25 08:54:30','2017-05-25 04:10:20'),(26,58,3,'2019-03-14 17:29:44','2016-05-19 00:05:07'),(26,71,5,'2018-10-17 08:44:28','2016-12-05 09:21:46'),(26,74,4,'2017-01-09 19:49:02','2019-04-26 02:45:06'),(27,14,4,'2017-05-12 16:17:55','2016-10-30 18:04:29'),(27,22,5,'2016-10-22 14:26:56','2018-01-23 10:33:29'),(27,25,4,'2018-09-25 18:00:50','2019-06-17 03:35:05'),(27,26,1,'2015-10-17 17:30:58','2018-12-07 01:10:10'),(27,40,4,'2017-12-27 10:53:25','2017-02-14 07:27:12'),(27,43,1,'2017-07-14 22:18:36','2019-09-21 04:34:01'),(27,59,1,'2016-12-06 04:07:15','2019-02-18 20:23:35'),(27,61,2,'2019-03-12 21:07:44','2017-10-03 09:48:46'),(27,70,5,'2015-04-28 21:30:23','2016-03-27 08:01:26'),(27,96,2,'2019-07-05 12:29:42','2016-08-02 05:29:39'),(28,6,5,'2016-04-29 01:45:48','2015-06-17 15:58:38'),(28,26,1,'2016-05-09 09:37:46','2018-02-18 18:22:11'),(28,27,3,'2018-12-09 07:34:27','2015-07-29 11:29:06'),(28,68,4,'2015-01-28 05:19:13','2016-10-10 05:36:12'),(28,83,3,'2018-06-06 10:51:08','2015-01-28 15:21:12'),(29,6,4,'2017-03-17 06:51:51','2016-02-29 17:35:48'),(29,26,1,'2019-07-02 21:22:28','2017-05-17 18:03:04'),(29,28,3,'2016-01-15 06:44:10','2017-10-03 05:28:36'),(29,36,2,'2019-03-23 05:25:58','2017-06-29 18:38:46'),(29,43,2,'2018-09-30 14:27:10','2018-11-20 22:58:16'),(29,47,1,'2016-05-29 03:34:20','2015-06-20 11:19:41'),(29,89,2,'2015-02-23 11:03:59','2016-12-17 03:26:14'),(29,91,3,'2017-12-08 17:25:59','2019-02-20 14:54:21'),(30,7,4,'2017-11-04 06:49:22','2018-07-16 12:03:10'),(30,20,1,'2017-05-07 03:47:54','2017-08-13 20:05:33'),(30,36,2,'2019-12-13 18:34:23','2019-08-04 21:34:23'),(30,67,2,'2015-10-19 06:14:44','2018-11-03 23:42:50'),(30,69,5,'2017-12-31 07:17:58','2015-09-16 22:47:31'),(30,71,5,'2016-10-27 07:57:01','2018-01-26 05:26:40'),(30,73,5,'2019-12-26 17:31:40','2016-08-28 23:21:00'),(30,82,3,'2018-12-27 23:37:19','2017-04-07 03:18:40'),(30,90,4,'2019-06-19 17:42:16','2016-10-13 15:54:43'),(30,95,4,'2015-12-24 16:02:31','2017-09-30 08:05:58'),(31,5,4,'2019-09-18 23:32:01','2020-01-05 21:37:02'),(31,26,4,'2019-09-30 16:13:17','2017-08-09 13:23:36'),(31,37,5,'2016-07-08 07:51:24','2017-08-25 21:43:05'),(31,42,5,'2015-03-06 01:02:55','2015-10-16 04:58:13'),(31,53,3,'2016-11-21 12:37:57','2018-10-18 04:08:12'),(31,54,2,'2015-04-30 21:06:38','2018-07-26 15:22:56'),(31,57,3,'2018-10-07 14:15:56','2016-07-15 05:50:21'),(31,65,3,'2019-11-04 05:07:03','2017-10-28 03:19:13'),(31,78,4,'2019-03-23 20:56:18','2015-02-09 21:09:30'),(31,81,2,'2018-07-15 23:33:06','2019-08-27 13:07:39'),(31,97,3,'2019-02-18 19:35:16','2019-09-03 10:46:01'),(32,3,3,'2017-12-18 04:08:44','2015-03-12 07:34:57'),(32,12,2,'2018-05-13 05:55:50','2019-06-04 04:30:58'),(32,24,2,'2017-05-20 23:30:57','2015-08-02 01:09:27'),(32,25,1,'2015-12-10 03:50:51','2015-08-11 14:21:57'),(32,64,3,'2017-09-28 04:44:46','2017-04-27 04:44:51'),(32,87,3,'2017-05-28 23:32:55','2017-07-25 07:11:40'),(32,90,2,'2019-06-21 12:52:03','2017-09-05 08:03:55'),(33,4,1,'2019-07-28 20:58:18','2017-07-14 14:20:47'),(33,43,2,'2017-05-27 04:10:35','2019-03-31 13:26:41'),(33,53,4,'2015-04-09 11:35:31','2017-09-06 07:27:08'),(33,54,3,'2015-05-28 12:58:59','2020-01-01 06:53:12'),(33,57,3,'2016-06-04 00:16:54','2015-01-25 10:41:14'),(33,63,4,'2016-03-24 02:42:47','2019-10-28 00:28:21'),(33,69,1,'2017-03-25 06:57:13','2016-04-03 01:04:30'),(33,72,4,'2015-07-12 20:01:19','2019-08-16 23:13:04'),(33,75,3,'2018-05-03 08:02:56','2018-03-14 05:30:52'),(33,76,3,'2017-05-21 08:56:24','2019-05-14 19:17:05'),(33,82,5,'2016-11-14 06:02:00','2018-06-07 15:30:42'),(33,96,2,'2018-08-04 00:34:57','2015-10-13 02:44:11'),(33,100,2,'2019-01-27 16:41:25','2017-05-24 15:54:58'),(34,11,5,'2015-11-30 04:49:27','2015-04-16 15:55:53'),(34,19,4,'2017-09-25 19:35:04','2017-06-09 08:07:15'),(34,22,5,'2018-01-06 20:52:33','2017-06-07 05:58:30'),(34,45,2,'2018-07-08 07:13:57','2015-07-12 16:17:00'),(34,51,5,'2018-12-12 17:21:34','2016-03-17 14:03:15'),(34,67,3,'2016-12-31 03:40:44','2016-09-18 12:38:16'),(34,69,2,'2018-02-21 05:21:42','2018-07-26 16:47:46'),(34,71,4,'2017-12-05 11:12:52','2016-07-19 22:04:56'),(34,87,1,'2015-02-10 12:58:38','2015-08-16 03:19:37'),(34,91,1,'2015-08-08 16:22:53','2017-08-27 12:25:57'),(35,22,2,'2017-11-06 10:41:39','2018-07-15 19:33:11'),(35,25,3,'2016-12-22 14:57:35','2016-06-08 22:56:22'),(35,33,5,'2017-05-18 14:00:05','2018-10-02 04:53:35'),(35,34,3,'2015-08-12 08:59:45','2015-12-05 12:47:58'),(35,50,4,'2018-01-30 18:54:04','2016-12-22 18:08:54'),(35,56,4,'2019-11-07 21:51:18','2017-07-13 20:32:59'),(35,63,5,'2019-08-13 23:59:56','2018-09-25 07:31:32'),(35,69,4,'2019-09-10 09:18:47','2016-04-08 11:53:15'),(35,75,2,'2016-12-05 22:33:22','2017-07-27 10:34:29'),(35,94,4,'2018-11-11 12:00:31','2018-12-27 12:34:00'),(35,100,3,'2015-11-27 09:43:36','2018-03-27 01:28:18'),(36,10,3,'2017-06-19 02:40:15','2018-06-24 00:25:37'),(36,17,5,'2016-12-08 12:56:01','2017-03-12 03:26:20'),(36,24,4,'2017-08-22 08:03:07','2018-09-30 16:57:06'),(36,35,5,'2019-04-10 02:56:09','2019-07-07 13:14:30'),(36,38,1,'2018-06-16 12:47:27','2019-02-12 11:30:15'),(36,44,1,'2019-12-03 06:52:05','2019-07-21 08:56:16'),(36,52,4,'2019-12-25 21:08:35','2017-11-29 12:51:06'),(36,60,1,'2017-09-20 18:18:42','2016-07-15 08:20:51'),(36,73,1,'2016-01-25 22:43:48','2019-08-14 19:28:36'),(36,78,3,'2019-09-24 09:16:56','2018-07-21 18:21:20'),(36,79,5,'2016-06-08 18:09:11','2018-04-23 12:45:44'),(36,99,2,'2020-01-01 16:11:43','2017-03-07 05:49:52'),(37,2,1,'2016-07-11 18:17:33','2016-06-24 11:46:53'),(37,31,2,'2018-06-19 09:57:58','2017-10-10 17:58:58'),(37,39,3,'2019-01-11 19:23:39','2017-12-13 08:56:17'),(37,77,2,'2019-05-08 18:38:08','2015-07-07 00:23:07'),(38,6,5,'2019-02-01 00:17:30','2015-09-05 09:43:37'),(38,9,4,'2018-07-31 22:09:17','2017-06-01 11:03:37'),(38,27,4,'2019-03-19 08:46:28','2015-10-03 07:53:23'),(38,36,5,'2020-01-10 20:25:46','2017-11-15 12:01:29'),(38,46,4,'2015-11-22 10:50:19','2020-01-16 06:46:24'),(38,56,3,'2017-09-18 16:19:21','2016-01-27 04:28:57'),(38,70,1,'2018-08-06 09:40:46','2016-11-06 02:51:20'),(38,82,4,'2018-07-26 23:12:29','2019-08-03 06:24:50'),(38,85,1,'2016-06-08 15:44:33','2016-11-27 23:57:47'),(38,98,5,'2020-01-06 00:15:52','2019-08-02 22:12:09'),(39,4,2,'2017-09-23 20:35:52','2019-10-13 06:20:09'),(39,19,2,'2018-07-15 12:47:50','2017-12-19 01:24:28'),(39,26,1,'2015-12-18 03:05:15','2017-03-25 21:16:25'),(39,32,5,'2018-07-23 00:53:09','2016-07-24 13:22:22'),(39,36,3,'2019-12-12 22:39:31','2015-04-11 18:42:39'),(39,37,4,'2017-07-11 19:10:03','2015-11-03 07:20:10'),(39,48,1,'2016-04-07 13:36:50','2019-12-10 01:43:44'),(39,76,5,'2017-10-30 06:53:18','2015-11-11 12:49:42'),(40,6,5,'2019-05-03 05:44:32','2019-09-04 10:41:50'),(40,15,2,'2018-09-04 02:23:23','2020-01-09 13:00:58'),(40,36,3,'2019-09-13 20:43:36','2015-09-15 11:52:40'),(40,43,3,'2015-10-01 13:19:06','2020-01-12 13:16:28'),(40,50,3,'2018-10-22 13:33:25','2015-07-22 18:41:06'),(40,54,1,'2015-07-30 18:30:36','2016-06-27 01:17:48'),(40,61,2,'2019-10-05 20:37:56','2016-03-26 04:08:13'),(40,63,3,'2018-06-06 10:57:16','2016-01-30 06:43:01'),(40,64,2,'2020-01-13 06:29:41','2019-03-16 18:35:08'),(40,72,3,'2016-01-25 15:35:11','2016-06-08 03:31:55'),(40,82,5,'2015-08-01 01:12:28','2018-02-10 10:28:40'),(40,93,5,'2016-11-02 21:11:52','2018-03-22 08:25:58'),(41,2,1,'2018-02-05 01:44:29','2017-08-12 13:15:58'),(41,15,5,'2016-06-24 08:06:59','2015-11-19 13:52:46'),(41,66,5,'2018-11-30 13:32:50','2019-12-11 11:21:09'),(41,86,5,'2015-03-23 12:23:12','2020-01-15 11:06:35'),(41,100,2,'2016-04-08 09:47:35','2018-10-02 01:03:28'),(42,6,4,'2018-11-01 15:46:42','2018-06-13 16:15:01'),(42,25,4,'2019-11-06 18:48:45','2017-08-15 08:17:25'),(42,27,1,'2015-08-27 06:06:27','2017-09-20 10:57:41'),(42,28,1,'2018-05-06 03:27:19','2015-01-20 14:28:20'),(42,32,4,'2016-01-01 13:32:40','2017-09-26 01:02:17'),(42,42,1,'2019-03-14 02:17:35','2017-10-02 02:58:14'),(42,44,4,'2019-12-02 07:12:07','2016-05-22 16:03:17'),(42,52,3,'2018-08-06 10:55:09','2015-05-13 20:34:48'),(42,55,2,'2015-01-21 17:06:04','2017-10-31 17:25:36'),(42,68,1,'2019-06-01 23:15:43','2016-07-16 03:14:36'),(43,6,4,'2016-01-30 10:36:16','2018-05-10 00:36:55'),(43,33,3,'2015-04-01 01:06:14','2018-01-03 20:57:32'),(43,73,2,'2015-12-27 16:05:32','2017-04-18 15:16:48'),(43,74,2,'2018-06-27 21:46:57','2016-10-08 06:21:46'),(43,95,4,'2016-11-02 12:16:26','2019-02-19 04:54:51'),(43,96,4,'2016-09-12 10:12:24','2017-08-06 01:11:59'),(44,12,1,'2018-10-31 17:48:02','2019-05-07 22:16:35'),(44,40,3,'2019-12-07 20:10:07','2019-04-30 17:43:22'),(44,49,5,'2018-03-16 03:44:11','2017-12-17 08:40:09'),(44,52,1,'2018-11-27 01:46:59','2016-10-18 15:32:36'),(44,57,2,'2017-12-09 16:55:29','2016-01-19 19:52:22'),(44,72,5,'2015-12-06 09:33:48','2017-08-25 10:58:00'),(44,73,5,'2017-07-26 05:16:51','2017-12-09 18:05:32'),(44,88,3,'2019-10-18 05:19:36','2017-05-09 12:00:11'),(45,10,5,'2017-03-06 11:03:22','2017-04-29 19:21:40'),(45,14,1,'2017-02-02 06:06:23','2019-05-23 02:12:48'),(45,16,5,'2015-11-17 06:47:35','2016-02-19 03:06:54'),(45,19,2,'2018-11-20 03:05:22','2016-02-01 03:33:38'),(45,28,4,'2016-08-10 07:38:10','2018-07-11 20:54:47'),(45,33,5,'2019-05-04 07:50:36','2019-07-26 20:10:16'),(45,35,3,'2019-05-06 13:07:39','2019-10-22 23:37:28'),(45,43,3,'2015-11-15 06:58:06','2015-04-02 03:04:25'),(45,58,3,'2018-09-28 06:45:16','2018-12-04 18:44:30'),(45,65,3,'2019-10-21 18:23:09','2016-08-06 20:44:09'),(45,69,2,'2018-06-24 20:46:45','2016-03-26 17:34:56'),(45,80,5,'2017-11-23 09:23:39','2015-12-05 22:36:44'),(45,89,2,'2018-10-27 07:26:28','2018-08-23 05:40:02'),(46,8,2,'2015-12-31 08:49:17','2015-10-14 10:45:39'),(46,16,3,'2017-05-30 09:40:37','2017-05-18 19:54:19'),(46,27,2,'2019-02-10 08:04:15','2017-02-23 15:58:17'),(46,28,4,'2016-07-01 09:39:50','2016-10-09 13:27:59'),(46,48,2,'2017-08-19 03:20:57','2019-11-26 20:26:59'),(46,90,1,'2018-04-16 13:36:00','2019-11-04 16:15:44'),(46,93,5,'2017-06-05 02:15:11','2015-06-01 03:53:30'),(46,96,2,'2019-09-04 20:25:50','2017-09-25 14:50:45'),(46,98,2,'2017-09-12 22:38:18','2019-09-16 11:01:20'),(47,6,5,'2017-10-09 19:47:41','2018-09-21 02:06:03'),(47,25,2,'2019-05-07 17:20:17','2019-08-07 09:30:44'),(47,31,4,'2019-11-09 19:27:33','2017-05-20 14:59:19'),(47,33,3,'2016-04-13 11:26:08','2019-06-28 20:45:49'),(47,36,5,'2018-08-01 14:08:08','2016-03-05 05:36:17'),(47,54,4,'2017-08-11 05:37:44','2018-04-24 20:22:46'),(47,60,4,'2015-06-07 17:56:23','2019-09-27 15:22:00'),(47,75,5,'2015-09-23 12:04:02','2019-07-02 08:44:25'),(47,84,2,'2015-10-23 11:12:13','2015-09-16 02:41:40'),(48,1,3,'2015-09-22 09:19:02','2017-11-27 22:59:02'),(48,26,3,'2019-01-23 07:52:19','2017-11-10 10:40:16'),(48,39,3,'2018-07-05 07:44:49','2015-10-08 01:23:48'),(48,42,3,'2018-02-05 16:59:03','2016-01-15 10:05:52'),(48,53,1,'2015-04-04 06:23:45','2018-07-27 16:15:20'),(48,71,5,'2015-02-18 06:26:37','2015-10-21 09:26:20'),(48,86,2,'2016-01-22 14:53:15','2018-04-07 09:21:42'),(48,89,4,'2017-03-08 09:51:44','2015-09-09 17:47:25'),(48,96,3,'2019-05-20 01:04:39','2017-10-22 23:35:43'),(49,7,1,'2015-04-22 01:58:16','2015-06-16 11:45:43'),(49,26,3,'2016-06-23 09:46:55','2018-07-19 03:06:23'),(49,30,3,'2018-08-12 06:49:27','2018-09-04 11:24:22'),(49,43,4,'2015-04-08 23:32:17','2015-03-26 08:57:35'),(49,52,5,'2016-03-20 02:55:52','2015-12-06 18:33:21'),(49,90,5,'2016-06-06 19:13:45','2016-04-26 07:08:40'),(50,16,3,'2019-01-25 04:09:13','2018-01-13 01:03:07'),(50,22,1,'2018-10-02 20:48:07','2016-02-21 05:10:07'),(50,30,4,'2019-06-29 01:28:16','2017-04-08 08:28:02'),(50,31,1,'2018-06-21 13:50:25','2018-12-05 22:52:57'),(50,49,4,'2018-03-23 12:35:57','2018-07-19 01:09:35'),(50,54,3,'2018-09-04 20:34:37','2016-10-06 16:42:11'),(50,67,3,'2019-07-15 19:51:25','2015-08-02 02:31:04'),(51,3,4,'2015-01-17 10:48:08','2017-03-07 00:01:01'),(51,9,3,'2017-05-29 01:48:19','2015-09-27 20:43:21'),(51,18,4,'2018-02-12 04:12:57','2016-03-14 21:51:45'),(51,20,2,'2018-10-18 19:51:09','2015-03-08 18:48:26'),(51,27,3,'2018-02-04 06:51:20','2018-12-10 05:25:00'),(51,44,4,'2017-04-23 18:23:15','2019-02-07 02:42:11'),(51,51,2,'2018-06-18 20:24:30','2016-02-29 16:58:02'),(51,63,5,'2015-04-18 00:14:06','2016-03-01 02:02:22'),(51,68,3,'2018-10-05 20:19:48','2019-12-07 11:09:54'),(51,81,1,'2019-12-21 13:43:08','2019-04-10 21:36:57'),(51,97,1,'2017-01-26 21:44:16','2018-10-21 19:56:16'),(52,1,2,'2018-10-25 20:51:04','2016-05-02 04:29:24'),(52,5,5,'2019-10-15 22:17:57','2016-02-06 02:50:15'),(52,6,2,'2019-04-14 17:53:01','2019-07-20 04:00:02'),(52,14,4,'2015-10-03 03:51:48','2018-05-29 23:23:57'),(52,51,2,'2019-12-18 09:23:06','2018-06-23 18:16:48'),(52,71,1,'2019-02-01 16:33:26','2015-07-14 11:58:36'),(52,80,1,'2017-12-25 22:42:02','2017-11-10 09:39:09'),(52,81,1,'2016-11-23 23:21:28','2016-01-11 19:45:18'),(52,86,2,'2018-12-05 15:55:07','2015-05-30 10:43:04'),(52,99,3,'2018-04-17 23:27:54','2016-08-02 23:51:33'),(53,2,3,'2019-03-04 03:45:27','2018-04-28 23:26:15'),(53,6,4,'2018-09-07 21:47:00','2015-01-27 07:27:00'),(53,10,4,'2018-09-26 13:56:52','2015-05-16 08:20:47'),(53,14,3,'2015-02-08 19:12:15','2016-09-17 05:18:14'),(53,18,3,'2015-05-12 22:58:15','2015-09-02 16:54:57'),(53,19,3,'2015-06-24 12:03:18','2017-04-03 11:22:05'),(53,22,2,'2016-05-30 14:18:55','2015-10-27 21:15:31'),(53,31,4,'2018-10-27 01:50:08','2017-11-05 05:21:35'),(53,36,4,'2019-10-14 20:50:11','2016-09-01 23:50:53'),(53,37,3,'2015-07-23 01:27:42','2018-03-27 22:29:50'),(53,59,2,'2017-12-09 05:21:47','2015-12-30 12:35:13'),(53,67,3,'2016-02-15 00:52:53','2015-06-30 18:44:46'),(53,91,1,'2018-03-09 08:05:41','2016-02-23 08:44:40'),(53,97,4,'2019-06-08 10:38:02','2016-09-08 10:22:11'),(54,8,1,'2015-03-21 06:21:28','2017-12-07 01:17:23'),(54,17,1,'2017-11-10 10:07:33','2015-11-16 00:53:07'),(54,24,5,'2018-06-13 07:16:49','2019-10-15 07:45:10'),(54,28,3,'2019-05-17 21:46:34','2019-08-06 10:12:14'),(54,45,1,'2016-11-12 08:13:31','2015-12-20 06:02:13'),(54,62,3,'2015-01-17 13:25:25','2016-11-28 19:17:08'),(54,79,2,'2016-01-21 01:20:43','2018-04-15 01:14:39'),(54,96,1,'2019-09-09 19:51:35','2019-12-06 08:47:27'),(54,98,5,'2016-06-11 09:00:12','2017-05-27 10:52:18'),(55,16,2,'2016-08-15 07:33:57','2019-09-21 07:50:59'),(55,28,2,'2016-07-08 17:32:17','2019-06-09 07:01:39'),(55,38,5,'2018-01-24 18:33:46','2016-09-22 05:11:42'),(55,58,2,'2017-05-08 09:53:16','2018-07-04 05:36:29'),(55,64,1,'2016-04-17 22:09:11','2015-11-12 01:26:47'),(55,97,2,'2016-12-31 18:05:32','2016-03-24 11:13:35'),(56,20,3,'2018-10-14 06:31:01','2017-03-07 03:27:08'),(56,30,1,'2016-02-06 09:09:01','2017-04-13 08:59:51'),(56,31,4,'2017-05-09 10:12:12','2019-06-06 20:09:22'),(56,34,5,'2018-05-16 01:57:46','2015-04-15 01:34:29'),(56,37,2,'2019-03-15 04:40:56','2016-01-26 07:26:04'),(56,44,5,'2018-05-18 08:18:04','2016-07-11 20:59:16'),(56,73,4,'2016-06-17 16:42:36','2018-10-02 21:00:33'),(56,75,1,'2017-06-30 08:17:34','2018-09-10 03:04:34'),(57,17,2,'2019-03-21 01:11:35','2016-03-06 17:40:48'),(57,41,1,'2016-08-03 08:56:58','2019-04-19 20:26:56'),(57,45,4,'2015-01-31 23:50:50','2015-03-23 01:19:19'),(57,47,1,'2017-04-29 11:49:43','2018-06-06 21:04:39'),(57,57,4,'2019-05-02 10:16:23','2017-02-01 03:46:23'),(57,60,5,'2019-09-19 13:21:38','2017-12-25 03:23:20'),(57,73,2,'2018-04-15 17:09:36','2017-03-30 14:06:37'),(57,82,1,'2018-08-01 14:31:00','2017-07-14 03:01:17'),(57,83,5,'2015-07-19 23:45:53','2016-06-10 01:35:32'),(58,4,3,'2017-05-01 08:42:56','2017-04-03 05:15:31'),(58,8,1,'2018-08-21 05:07:59','2015-03-08 15:18:05'),(58,14,5,'2017-02-20 14:53:14','2018-04-11 23:28:44'),(58,31,3,'2016-04-06 21:51:37','2016-04-16 10:39:44'),(58,37,4,'2015-11-17 17:14:02','2018-12-11 21:52:28'),(58,47,5,'2017-03-29 21:46:30','2019-09-15 11:16:59'),(58,50,5,'2015-05-10 00:14:49','2017-10-05 16:21:36'),(58,80,2,'2018-12-11 18:05:57','2019-06-10 17:23:53'),(58,85,3,'2016-04-01 03:25:18','2018-07-17 01:15:21'),(59,7,1,'2018-08-09 04:01:09','2017-06-23 00:48:11'),(59,12,1,'2019-06-09 08:49:37','2017-04-05 13:00:37'),(59,16,3,'2018-05-04 04:22:48','2017-06-20 04:25:54'),(59,30,2,'2017-01-02 14:02:23','2016-11-09 14:56:56'),(59,32,2,'2016-03-05 10:13:59','2017-08-01 22:12:29'),(59,43,5,'2018-05-17 18:47:50','2016-04-28 01:38:38'),(59,52,1,'2017-01-22 00:09:27','2019-08-15 05:47:27'),(59,65,1,'2019-02-12 06:02:54','2017-06-13 23:12:07'),(59,66,1,'2019-06-25 10:37:37','2015-05-15 06:15:33'),(59,96,2,'2017-07-31 11:22:13','2017-05-16 09:38:39'),(60,4,1,'2017-05-22 01:44:36','2017-03-11 04:43:46'),(60,18,4,'2015-05-23 17:03:35','2018-09-08 09:41:00'),(60,32,4,'2017-03-14 20:48:58','2019-02-08 08:13:45'),(60,73,2,'2019-11-13 17:46:20','2019-04-19 19:52:51'),(60,88,1,'2019-07-13 23:08:59','2016-05-30 00:06:26'),(60,89,1,'2016-12-08 09:55:02','2019-05-29 16:46:37'),(60,91,5,'2017-08-11 20:49:53','2019-02-23 16:30:09'),(60,94,1,'2017-05-05 07:53:56','2017-05-18 05:09:09'),(60,98,2,'2019-09-18 13:20:54','2016-09-08 00:24:47'),(61,29,4,'2018-12-17 19:52:53','2016-06-03 20:22:33'),(61,36,2,'2018-10-08 05:57:18','2016-10-25 21:48:49'),(61,42,4,'2015-08-07 11:03:55','2017-08-16 05:50:50'),(61,65,3,'2016-05-28 10:15:35','2019-09-07 04:15:02'),(61,70,2,'2016-06-25 13:23:36','2017-11-05 17:07:34'),(61,78,1,'2015-03-17 09:57:56','2018-06-03 19:10:47'),(61,89,2,'2018-01-25 15:43:52','2015-04-30 16:25:02'),(62,4,4,'2018-06-26 23:35:29','2016-03-03 12:01:37'),(62,11,3,'2017-06-11 18:56:06','2018-10-31 23:12:00'),(62,27,3,'2015-11-16 16:54:30','2018-04-02 09:48:46'),(62,30,1,'2016-08-05 11:12:29','2018-12-03 05:20:12'),(62,31,4,'2019-11-17 18:11:19','2019-07-03 05:02:45'),(62,40,4,'2018-06-28 15:26:33','2016-02-20 19:12:10'),(62,41,4,'2019-04-25 06:04:01','2015-04-16 12:16:07'),(62,75,2,'2015-03-20 20:08:56','2018-12-08 01:42:15'),(62,77,5,'2017-03-14 12:36:22','2016-02-27 17:33:28'),(62,86,5,'2018-12-13 09:23:13','2019-03-09 06:29:54'),(62,89,4,'2019-03-20 07:31:34','2019-05-06 12:50:11'),(63,7,1,'2018-01-14 00:39:10','2018-04-20 07:31:45'),(63,13,4,'2015-08-27 00:35:37','2018-01-17 00:32:53'),(63,20,1,'2020-01-13 11:21:15','2016-11-02 18:10:35'),(63,21,2,'2019-01-07 07:49:37','2017-11-26 06:48:05'),(63,23,4,'2019-07-29 01:21:00','2015-09-26 11:27:17'),(63,24,1,'2017-12-03 08:06:42','2018-08-01 04:45:46'),(63,37,2,'2018-12-11 01:32:20','2015-07-03 13:49:56'),(63,51,1,'2015-12-21 02:00:57','2016-03-20 14:48:42'),(63,56,5,'2015-07-31 13:50:35','2018-11-12 17:37:40'),(63,60,4,'2015-01-30 16:14:31','2017-05-18 13:43:56'),(63,72,2,'2019-03-02 05:09:40','2019-04-11 14:02:12'),(63,76,2,'2019-10-01 08:20:49','2015-03-25 13:52:18'),(63,85,1,'2019-08-07 14:30:36','2017-12-01 18:24:42'),(63,88,5,'2015-09-14 20:44:15','2015-06-17 01:24:13'),(63,97,5,'2015-02-20 07:42:24','2015-06-12 03:46:29'),(64,3,2,'2015-10-11 07:00:09','2019-07-05 20:59:58'),(64,6,1,'2018-09-27 07:57:52','2016-03-13 09:04:00'),(64,17,2,'2017-08-08 01:28:17','2016-11-24 02:31:31'),(64,31,1,'2017-10-17 04:38:04','2019-09-08 18:02:03'),(64,48,4,'2015-07-12 11:17:24','2018-12-11 00:44:38'),(64,54,2,'2017-10-15 21:02:05','2015-07-08 17:22:09'),(64,64,3,'2019-10-23 22:17:25','2019-11-21 23:31:44'),(64,66,4,'2016-09-23 00:36:00','2016-06-12 00:14:30'),(64,69,2,'2015-07-15 16:37:42','2018-12-21 19:12:24'),(64,74,5,'2019-03-04 23:27:05','2017-12-26 08:52:26'),(64,97,3,'2017-09-10 05:31:34','2016-01-20 14:35:54'),(65,5,4,'2017-03-14 22:58:52','2018-05-10 06:45:59'),(65,18,1,'2018-10-11 20:22:13','2015-08-16 07:28:14'),(65,28,4,'2016-11-11 17:41:16','2017-06-29 22:58:42'),(65,42,5,'2016-03-11 04:39:42','2018-01-13 21:28:55'),(65,45,1,'2016-02-06 02:27:53','2018-06-28 11:08:08'),(65,80,2,'2015-07-07 06:57:37','2019-09-07 17:10:24'),(65,99,4,'2015-08-10 10:57:56','2017-09-10 20:10:28'),(66,16,5,'2015-03-20 03:17:00','2015-01-18 00:05:53'),(66,18,1,'2016-04-23 09:09:35','2015-06-15 20:23:15'),(66,20,1,'2018-02-17 18:41:18','2018-11-30 03:09:25'),(66,24,2,'2016-04-21 19:40:09','2016-12-26 07:15:08'),(66,65,5,'2017-06-26 09:13:02','2019-09-01 03:14:04'),(66,83,5,'2016-04-03 17:56:41','2019-09-10 03:29:03'),(66,92,4,'2018-05-03 20:24:29','2017-03-11 14:56:13'),(66,94,2,'2017-08-14 17:16:28','2018-05-29 11:33:34'),(67,6,3,'2019-06-08 03:29:09','2015-11-24 22:59:49'),(67,16,1,'2017-07-11 23:30:09','2016-11-07 02:57:29'),(67,18,3,'2015-08-23 13:59:08','2015-04-13 08:35:07'),(67,27,2,'2018-09-30 18:08:05','2017-02-05 15:24:50'),(67,34,2,'2018-10-25 11:41:26','2015-04-19 19:38:19'),(67,57,2,'2018-11-16 04:33:09','2016-01-25 19:51:33'),(67,69,5,'2016-12-30 17:54:58','2015-05-18 04:22:07'),(67,82,5,'2017-03-23 09:34:00','2015-09-20 22:17:16'),(67,88,2,'2018-02-15 06:10:11','2017-09-11 11:12:25'),(67,90,3,'2017-03-23 00:18:51','2018-07-08 20:32:17'),(67,94,1,'2018-03-14 06:48:36','2015-06-02 10:39:25'),(67,98,3,'2015-06-16 06:43:53','2017-02-27 03:06:56'),(68,1,5,'2018-03-20 01:22:45','2017-06-10 04:18:21'),(68,8,5,'2017-10-21 22:07:21','2019-08-25 03:01:28'),(68,10,2,'2016-01-25 01:41:48','2015-09-08 23:18:35'),(68,13,3,'2016-08-07 13:42:45','2017-06-07 05:44:10'),(68,16,2,'2018-12-28 14:17:21','2016-08-14 15:27:12'),(68,18,1,'2018-12-30 14:57:14','2017-11-29 02:07:12'),(68,20,1,'2015-07-28 04:02:51','2015-11-15 13:29:47'),(68,23,1,'2016-04-22 19:40:35','2019-12-13 11:06:35'),(68,28,4,'2019-11-04 15:45:10','2016-11-13 04:50:08'),(68,40,4,'2015-07-14 18:54:08','2017-03-06 00:03:59'),(68,43,5,'2016-06-15 21:18:43','2019-12-15 01:03:10'),(68,60,5,'2019-08-17 03:41:05','2017-05-04 02:27:39'),(68,72,5,'2015-12-03 16:31:39','2018-08-01 18:40:52'),(68,73,1,'2016-04-03 07:00:59','2015-10-29 19:51:48'),(68,95,1,'2017-12-21 12:02:47','2017-07-26 06:59:26'),(68,99,5,'2017-08-25 01:32:11','2015-07-08 02:39:39'),(69,21,5,'2016-07-18 01:49:43','2015-05-16 14:12:46'),(69,33,3,'2019-10-05 06:25:35','2018-11-10 19:41:58'),(69,37,2,'2015-12-07 16:33:44','2015-05-22 15:20:17'),(69,47,1,'2019-07-08 04:46:55','2015-09-08 11:35:42'),(69,69,2,'2019-03-22 03:02:29','2018-02-04 10:23:26'),(70,12,1,'2019-03-03 18:38:49','2015-04-14 21:27:38'),(70,14,4,'2015-08-18 10:52:35','2018-10-13 10:14:03'),(70,22,2,'2018-09-08 00:08:17','2017-10-20 20:19:17'),(70,40,2,'2016-11-24 12:07:55','2018-05-23 22:38:27'),(70,51,1,'2016-09-08 14:32:56','2019-10-06 15:31:08'),(70,53,3,'2019-05-09 04:31:07','2019-06-01 08:20:31'),(70,55,1,'2019-04-22 08:51:57','2018-09-13 03:48:51'),(70,85,2,'2017-03-26 20:20:43','2018-12-07 23:59:00'),(70,94,4,'2017-03-10 23:54:31','2019-07-07 17:38:12'),(70,100,3,'2017-01-31 19:03:42','2018-02-05 00:16:33'),(71,6,1,'2019-10-20 02:36:31','2018-12-17 20:20:58'),(71,11,4,'2017-01-25 13:49:25','2017-09-04 17:21:11'),(71,16,3,'2018-04-21 02:58:24','2019-03-26 19:47:37'),(71,22,3,'2016-05-24 14:01:51','2018-10-31 02:07:27'),(71,25,4,'2019-09-30 02:44:33','2019-01-22 10:57:54'),(71,28,2,'2017-09-14 08:02:45','2019-10-28 16:20:37'),(71,40,2,'2016-05-26 20:27:25','2018-10-28 07:48:57'),(71,60,1,'2018-03-15 04:54:45','2019-05-31 18:54:53'),(71,73,5,'2018-10-02 07:47:20','2016-07-21 07:44:23'),(72,2,3,'2019-07-05 18:24:06','2017-04-13 14:42:11'),(72,8,1,'2017-11-09 23:43:23','2015-07-02 06:10:58'),(72,45,2,'2019-06-13 01:35:53','2015-08-23 21:16:48'),(72,51,2,'2016-01-10 04:52:25','2018-05-08 14:43:52'),(72,55,3,'2017-07-13 22:37:58','2018-12-09 02:44:32'),(72,62,5,'2015-05-07 22:35:10','2019-03-11 10:16:54'),(72,63,4,'2018-03-13 04:52:11','2016-06-07 23:02:51'),(72,82,3,'2017-11-27 14:32:46','2016-11-04 15:27:19'),(72,99,5,'2015-09-08 15:20:52','2019-09-23 10:18:22'),(73,2,5,'2018-04-01 08:29:31','2019-08-22 21:48:23'),(73,11,4,'2018-10-25 13:27:33','2020-01-12 10:08:05'),(73,23,3,'2019-11-19 23:22:44','2019-06-15 06:28:59'),(73,31,1,'2016-05-28 11:32:02','2017-06-16 09:33:51'),(73,49,1,'2019-06-06 05:21:44','2015-11-21 11:33:51'),(73,56,3,'2018-08-14 20:29:51','2017-08-21 10:59:20'),(74,14,4,'2019-03-13 22:20:10','2015-04-15 20:06:51'),(74,17,5,'2017-07-16 04:39:16','2017-10-19 05:47:52'),(74,31,3,'2018-02-12 20:36:34','2019-11-10 06:36:34'),(74,47,5,'2017-08-26 22:17:34','2019-10-27 10:59:37'),(74,62,5,'2016-04-11 23:32:55','2015-09-13 22:56:18'),(74,68,2,'2018-05-23 20:00:26','2016-11-22 22:20:53'),(74,71,3,'2017-06-22 02:43:27','2015-06-10 08:53:08'),(74,74,5,'2018-08-11 16:22:57','2016-03-09 08:39:22'),(74,82,5,'2019-11-24 23:05:55','2018-12-14 23:31:07'),(74,90,5,'2019-05-10 17:04:02','2017-10-30 17:42:43'),(75,9,5,'2019-09-06 20:40:29','2017-12-03 04:13:35'),(75,20,5,'2018-01-24 09:16:58','2016-11-21 23:38:53'),(75,22,5,'2017-09-17 07:33:21','2016-05-20 00:12:18'),(75,31,4,'2020-01-12 05:19:53','2019-02-22 00:03:11'),(75,40,1,'2019-11-24 05:33:46','2016-10-12 13:46:02'),(75,47,4,'2017-03-09 17:32:34','2015-11-03 22:26:55'),(75,48,5,'2018-07-23 12:16:57','2018-09-20 15:31:33'),(75,52,4,'2015-06-11 05:43:31','2019-03-08 22:02:06'),(75,77,1,'2017-09-04 08:07:40','2016-06-11 17:46:19'),(75,79,1,'2018-02-27 11:37:53','2019-01-15 13:20:24'),(75,83,1,'2016-01-12 09:17:35','2015-10-09 23:24:52'),(76,29,5,'2018-01-14 19:58:35','2018-05-08 00:53:13'),(76,37,3,'2016-09-24 08:55:17','2016-08-07 17:42:21'),(76,40,4,'2017-11-08 19:26:58','2016-12-31 08:50:00'),(76,54,5,'2019-04-04 14:33:30','2019-03-03 22:11:44'),(77,6,1,'2017-01-01 09:06:01','2019-08-02 15:04:35'),(77,7,4,'2016-06-29 10:53:55','2018-01-01 13:28:17'),(77,11,5,'2019-08-21 22:57:02','2016-09-20 01:05:56'),(77,12,4,'2017-08-22 21:22:49','2015-07-10 00:37:01'),(77,19,1,'2018-09-15 15:46:08','2018-04-06 06:50:17'),(77,27,1,'2016-11-07 05:53:12','2016-04-26 02:14:37'),(77,28,3,'2015-03-31 23:05:34','2019-09-26 04:42:18'),(77,38,4,'2019-04-26 06:24:35','2018-01-21 19:26:27'),(77,48,5,'2016-03-21 03:22:03','2017-04-26 10:39:10'),(77,57,4,'2015-04-28 10:37:30','2019-03-03 19:39:53'),(77,59,1,'2018-06-02 15:54:40','2017-02-21 13:14:55'),(78,37,1,'2017-12-05 14:41:52','2017-05-17 20:46:45'),(78,41,3,'2019-12-15 23:07:48','2017-03-08 09:54:52'),(78,43,4,'2018-09-11 11:02:39','2016-03-25 02:07:53'),(78,44,4,'2016-06-04 21:16:50','2015-03-07 23:38:54'),(78,45,3,'2016-06-10 00:12:59','2016-06-09 18:10:10'),(78,71,3,'2017-12-07 17:47:34','2019-11-10 02:29:45'),(78,75,3,'2017-10-29 20:08:13','2017-12-19 12:44:18'),(78,77,3,'2018-06-14 00:40:15','2016-03-21 17:48:47'),(78,80,1,'2018-12-13 07:22:18','2017-07-25 08:52:43'),(79,5,3,'2020-01-03 19:59:28','2019-08-24 15:07:34'),(79,12,2,'2017-04-30 21:03:46','2016-09-12 02:06:58'),(79,32,3,'2017-10-27 14:10:06','2019-02-02 05:30:20'),(79,33,5,'2018-08-04 23:53:16','2016-12-11 05:48:24'),(79,42,2,'2018-11-29 13:50:06','2015-08-13 01:52:24'),(79,45,1,'2015-08-16 17:34:14','2018-05-24 00:56:56'),(79,49,5,'2019-10-28 10:57:34','2016-01-01 08:19:08'),(79,59,3,'2018-05-25 13:21:07','2015-10-16 12:18:45'),(79,71,3,'2017-12-23 20:29:38','2019-01-08 16:49:58'),(79,74,2,'2016-11-22 11:44:40','2016-07-12 13:25:01'),(79,78,1,'2016-02-02 08:46:19','2019-11-05 14:29:48'),(79,80,1,'2017-02-05 05:37:48','2015-08-30 19:58:29'),(79,82,2,'2015-08-09 12:16:58','2016-05-02 17:43:21'),(79,88,3,'2015-11-16 19:52:15','2016-08-21 08:23:57'),(80,2,3,'2015-11-17 22:42:37','2019-07-06 00:53:30'),(80,13,5,'2017-07-17 23:38:45','2017-01-08 23:01:48'),(80,19,5,'2018-11-18 15:31:39','2019-12-24 00:45:58'),(80,22,4,'2019-08-17 04:44:58','2018-02-24 18:36:52'),(80,24,4,'2016-04-22 10:47:02','2018-08-22 09:46:44'),(80,31,3,'2019-08-11 21:30:45','2015-07-24 02:58:35'),(80,42,1,'2015-09-04 02:53:58','2020-01-10 22:09:56'),(80,47,5,'2015-12-30 06:58:13','2016-09-08 00:12:14'),(80,51,5,'2017-09-08 13:25:12','2015-04-08 14:30:53'),(80,52,4,'2016-07-27 16:33:02','2017-07-09 17:41:31'),(80,59,4,'2017-09-02 06:50:54','2016-11-20 12:55:00'),(80,60,5,'2017-02-04 04:02:41','2019-02-07 16:32:02'),(80,62,2,'2017-09-21 03:59:22','2017-06-01 17:47:54'),(80,69,1,'2018-01-19 01:03:43','2015-08-01 21:03:12'),(80,78,1,'2015-12-19 01:30:37','2017-10-24 14:03:45'),(81,3,2,'2015-05-04 05:34:51','2018-11-13 23:51:38'),(81,5,4,'2019-02-12 13:25:15','2018-10-27 03:57:02'),(81,13,2,'2019-11-22 14:24:55','2018-05-13 06:27:21'),(81,29,5,'2018-04-22 16:47:54','2019-05-07 07:04:39'),(81,38,5,'2017-06-03 20:07:37','2017-06-05 08:09:53'),(81,50,3,'2016-08-28 17:04:28','2016-07-18 04:24:09'),(81,52,3,'2016-08-22 01:59:17','2015-05-07 19:18:23'),(81,61,4,'2017-02-25 18:31:06','2018-03-07 16:49:46'),(81,73,5,'2018-07-27 01:55:02','2015-12-19 06:23:36'),(81,77,4,'2019-09-26 08:36:46','2016-01-08 12:59:04'),(81,79,1,'2015-06-15 10:28:40','2015-09-20 11:02:56'),(81,93,2,'2019-04-11 10:05:50','2018-03-04 04:57:30'),(81,95,3,'2017-03-18 13:24:58','2015-06-01 08:59:27'),(82,1,4,'2019-02-03 19:17:10','2019-03-22 10:27:00'),(82,11,4,'2016-09-05 03:16:12','2018-12-04 08:40:27'),(82,30,2,'2019-04-20 04:56:38','2017-06-29 23:17:40'),(82,35,3,'2020-01-10 19:15:04','2017-01-05 17:37:51'),(82,38,5,'2019-08-06 20:04:15','2019-03-12 17:31:20'),(82,45,2,'2019-10-11 23:32:33','2018-06-02 03:02:45'),(82,48,5,'2015-02-02 21:35:50','2017-01-12 05:42:45'),(82,57,2,'2019-01-05 16:35:48','2018-08-04 13:59:32'),(82,92,3,'2017-06-23 14:46:14','2015-10-14 14:13:47'),(82,95,4,'2019-07-05 01:15:33','2017-02-13 20:13:39'),(83,82,1,'2018-02-22 23:59:42','2015-12-21 03:32:13'),(83,86,5,'2019-09-16 09:25:26','2016-11-28 18:47:22'),(84,10,3,'2018-07-19 01:19:33','2018-07-18 02:50:52'),(84,24,2,'2018-08-15 09:52:56','2016-10-01 20:14:04'),(84,30,4,'2015-07-17 10:13:25','2018-01-19 16:32:01'),(84,38,4,'2017-12-29 17:55:19','2018-01-28 01:08:03'),(84,43,3,'2018-02-22 17:45:38','2018-06-05 13:31:56'),(84,48,5,'2019-03-30 18:06:56','2016-10-12 10:31:01'),(84,53,4,'2015-04-02 21:09:39','2015-01-28 00:18:06'),(84,56,5,'2017-05-29 15:18:20','2015-12-14 06:55:54'),(84,60,4,'2016-09-21 10:56:20','2015-08-25 21:33:19'),(84,74,4,'2018-05-04 08:04:17','2016-02-25 21:41:21'),(84,80,4,'2015-08-06 14:19:36','2019-12-06 09:24:08'),(84,89,4,'2015-04-10 19:41:26','2019-08-12 16:48:15'),(85,6,5,'2016-10-22 19:20:16','2018-06-28 19:05:15'),(85,18,5,'2016-07-15 10:41:04','2017-09-10 22:55:53'),(85,25,4,'2015-10-22 11:17:01','2017-03-26 05:22:00'),(85,27,5,'2018-09-13 11:45:19','2017-07-14 06:02:58'),(85,37,2,'2015-05-04 03:12:12','2019-05-06 01:17:40'),(85,40,2,'2017-01-16 04:34:16','2017-11-26 13:07:31'),(85,42,1,'2016-12-05 11:26:27','2019-08-18 16:20:14'),(85,43,2,'2015-09-02 01:56:41','2019-06-10 22:15:49'),(85,55,1,'2017-11-21 00:09:54','2015-08-08 12:04:16'),(85,60,5,'2018-07-26 15:00:08','2018-07-25 11:03:33'),(85,65,3,'2019-05-12 06:47:52','2017-07-01 04:52:01'),(85,68,3,'2017-11-18 09:48:47','2015-03-29 21:38:18'),(85,78,5,'2016-07-31 04:59:03','2015-12-23 11:18:50'),(85,90,4,'2016-12-04 03:36:07','2017-12-14 15:40:19'),(85,100,3,'2018-04-24 21:24:58','2015-04-01 23:59:52'),(86,24,5,'2016-07-17 12:00:52','2018-01-08 22:30:24'),(86,26,4,'2015-06-21 22:50:06','2018-09-08 20:44:45'),(86,29,2,'2015-12-23 11:43:30','2018-06-01 20:32:44'),(86,32,5,'2017-10-14 21:29:01','2015-03-12 16:16:14'),(86,39,4,'2015-08-02 05:56:51','2017-10-21 02:44:35'),(86,57,2,'2017-07-03 23:01:03','2015-03-25 05:32:28'),(86,59,2,'2017-04-16 17:40:03','2018-03-13 11:26:36'),(86,60,1,'2016-11-13 21:50:33','2017-12-26 13:08:41'),(86,64,5,'2019-03-06 01:56:07','2016-05-08 03:35:59'),(86,68,2,'2019-04-20 23:47:23','2017-08-14 10:16:53'),(86,69,5,'2015-12-01 05:05:01','2016-09-13 16:19:47'),(86,75,3,'2018-02-07 01:17:26','2019-07-02 09:46:34'),(86,79,4,'2017-09-16 18:28:38','2018-07-17 02:43:21'),(86,80,2,'2017-05-23 23:05:02','2018-07-02 14:24:15'),(87,7,2,'2018-10-21 13:21:44','2018-02-09 03:53:28'),(87,39,1,'2015-11-14 23:19:07','2018-08-06 10:04:29'),(87,44,1,'2018-10-20 09:53:47','2019-01-06 01:21:21'),(87,46,4,'2018-05-21 06:10:06','2019-03-23 23:34:37'),(87,66,4,'2016-02-08 19:19:51','2015-04-09 20:49:51'),(87,67,1,'2015-05-18 02:13:48','2018-05-17 01:26:14'),(87,71,2,'2015-03-23 14:44:00','2019-02-23 20:21:35'),(87,91,3,'2016-12-07 11:32:15','2019-08-01 18:48:11'),(88,6,4,'2015-05-11 10:26:33','2018-04-21 09:50:22'),(88,9,1,'2016-06-04 18:26:04','2016-04-12 04:58:41'),(88,31,3,'2019-07-24 07:31:10','2018-07-24 08:09:56'),(88,37,2,'2019-05-25 17:35:04','2018-12-28 12:01:43'),(88,47,5,'2019-05-26 17:56:15','2017-09-06 19:51:28'),(88,62,3,'2016-12-03 05:45:26','2016-01-01 22:07:10'),(88,66,3,'2016-12-09 08:00:43','2019-07-31 10:58:17'),(88,71,4,'2016-03-14 06:39:46','2015-06-15 07:35:45'),(88,76,1,'2015-12-31 07:19:23','2016-05-09 07:36:57'),(88,78,1,'2017-09-06 17:01:30','2019-03-24 02:09:53'),(89,18,3,'2015-04-11 09:53:13','2015-11-06 23:49:34'),(89,20,5,'2016-01-26 17:14:53','2019-12-14 04:06:16'),(89,27,2,'2018-08-30 22:50:46','2016-09-07 09:07:57'),(89,28,4,'2017-04-07 14:42:59','2019-12-26 22:24:09'),(89,36,1,'2019-12-02 20:23:40','2017-03-20 07:38:25'),(89,41,5,'2016-05-04 13:04:27','2016-01-29 14:51:54'),(89,48,1,'2016-03-08 10:36:18','2018-10-29 00:49:19'),(89,49,5,'2018-10-01 20:40:52','2015-11-12 06:35:22'),(89,72,5,'2017-07-08 08:21:45','2016-05-18 20:22:28'),(89,100,2,'2018-09-16 07:59:36','2017-12-19 21:20:34'),(90,1,5,'2018-07-09 04:13:32','2017-05-25 10:10:57'),(90,8,1,'2016-04-22 23:36:17','2015-10-22 00:42:22'),(90,13,3,'2019-01-14 11:29:09','2015-10-25 12:57:20'),(90,45,4,'2017-12-03 21:44:27','2016-01-22 20:38:03'),(90,65,1,'2019-04-29 12:22:49','2017-11-02 20:19:47'),(90,92,3,'2019-07-10 19:03:02','2015-11-08 19:18:11'),(90,100,1,'2019-01-15 21:47:45','2016-11-15 05:34:27'),(91,1,4,'2015-12-02 08:42:45','2018-02-15 20:29:35'),(91,7,3,'2015-03-26 20:40:12','2018-06-14 15:51:42'),(91,19,4,'2019-03-07 21:00:34','2018-09-19 15:16:31'),(91,20,2,'2016-01-21 23:20:00','2015-07-16 12:11:39'),(91,28,2,'2017-05-28 21:52:32','2015-12-25 03:37:25'),(91,41,3,'2015-02-20 15:23:33','2016-01-20 18:08:54'),(91,55,3,'2015-03-31 06:23:26','2015-04-30 11:50:15'),(91,61,3,'2015-08-28 06:19:30','2016-01-04 10:55:28'),(91,65,2,'2016-03-05 12:59:22','2016-06-18 09:02:57'),(91,73,1,'2019-11-27 20:55:05','2015-02-28 07:05:30'),(91,95,4,'2018-09-19 13:52:23','2016-04-01 10:54:27'),(91,98,4,'2018-10-24 10:55:38','2015-01-23 13:41:00'),(92,4,4,'2015-04-23 15:05:41','2019-12-15 07:33:26'),(92,21,1,'2015-11-10 19:19:44','2018-02-09 12:07:05'),(92,30,1,'2019-11-18 08:39:09','2015-01-17 21:56:07'),(92,39,4,'2019-10-21 05:14:10','2019-11-20 00:22:33'),(92,43,4,'2017-12-27 00:12:20','2019-01-26 13:03:18'),(92,50,4,'2019-05-12 10:19:12','2018-11-17 22:59:39'),(92,74,1,'2015-03-15 03:16:52','2017-12-08 07:05:03'),(92,77,4,'2015-12-05 00:32:05','2019-01-10 09:43:27'),(92,87,2,'2018-07-19 08:39:30','2019-07-13 10:23:55'),(92,94,2,'2019-03-26 11:36:09','2019-07-09 07:05:47'),(93,27,5,'2017-09-17 15:51:48','2016-09-22 10:38:16'),(93,30,4,'2015-11-29 16:54:43','2018-05-10 07:36:28'),(93,37,3,'2015-08-02 11:12:31','2015-12-26 05:28:58'),(93,50,5,'2017-02-23 04:51:52','2017-10-03 16:11:08'),(93,56,5,'2017-11-19 23:51:58','2019-05-03 03:16:51'),(93,67,3,'2017-08-13 05:03:12','2017-11-25 23:07:01'),(93,90,1,'2019-03-03 18:43:50','2015-01-19 10:45:30'),(93,92,3,'2019-08-12 01:55:10','2017-01-31 14:47:30'),(94,27,3,'2015-05-10 14:46:18','2015-08-20 15:47:15'),(94,32,4,'2015-05-18 21:25:07','2015-08-23 04:32:20'),(94,39,1,'2018-09-28 13:24:16','2015-05-07 17:42:27'),(94,45,1,'2018-12-15 17:57:57','2018-07-05 16:15:51'),(94,50,3,'2016-06-20 11:40:35','2018-04-25 03:30:03'),(94,51,1,'2019-07-02 22:03:06','2017-10-29 15:58:09'),(94,57,5,'2019-07-04 18:02:19','2016-11-20 17:04:03'),(94,66,5,'2015-11-26 11:01:41','2018-02-24 01:02:39'),(94,69,4,'2019-04-23 23:27:28','2017-02-21 16:18:06'),(94,85,2,'2016-11-25 08:43:40','2019-10-22 12:21:39'),(94,87,4,'2016-02-07 14:38:38','2018-01-23 03:23:29'),(94,100,3,'2016-03-11 05:57:02','2019-07-27 17:09:29'),(95,2,4,'2018-10-02 09:37:33','2015-09-29 12:41:28'),(95,23,3,'2017-03-16 14:42:42','2016-07-25 20:27:14'),(95,30,2,'2016-08-20 01:09:04','2015-08-07 02:51:54'),(95,32,2,'2019-05-07 13:10:58','2016-01-21 18:06:17'),(95,44,4,'2015-11-26 15:15:59','2017-09-24 18:06:16'),(95,51,1,'2016-02-27 09:35:12','2017-06-25 11:13:05'),(95,78,1,'2015-05-28 02:44:21','2019-12-22 23:45:27'),(95,87,1,'2015-11-02 12:12:33','2015-12-26 02:28:02'),(95,88,5,'2019-07-17 11:51:30','2016-08-18 02:11:15'),(96,8,2,'2016-03-14 04:56:00','2015-04-09 13:19:39'),(96,17,2,'2019-09-27 09:53:28','2018-02-26 18:50:37'),(96,25,2,'2019-03-18 08:34:10','2016-08-13 23:44:06'),(96,41,2,'2016-11-05 10:40:54','2015-04-24 09:49:38'),(96,50,3,'2015-12-11 07:45:06','2017-05-26 02:27:48'),(96,62,1,'2016-12-07 06:37:54','2015-02-17 14:29:07'),(96,70,3,'2018-10-12 12:11:24','2017-08-18 15:53:15'),(96,71,4,'2018-01-15 18:31:42','2018-02-05 18:39:11'),(97,5,3,'2019-08-02 19:23:09','2018-08-19 20:08:30'),(97,7,3,'2015-02-27 16:54:29','2017-07-04 14:13:36'),(97,40,4,'2015-04-19 19:02:11','2016-04-15 09:15:58'),(97,42,2,'2015-10-05 13:38:35','2018-02-08 17:18:07'),(97,57,4,'2019-08-03 12:03:10','2016-06-12 02:36:13'),(97,82,1,'2015-11-15 01:04:35','2018-04-03 14:20:26'),(97,83,1,'2017-03-27 14:34:04','2019-11-24 20:19:37'),(97,85,4,'2017-03-14 22:33:07','2019-09-06 02:19:13'),(97,97,1,'2019-12-13 21:07:21','2017-05-20 07:50:28'),(97,99,4,'2016-09-23 19:35:41','2018-09-03 00:54:07'),(98,21,2,'2017-12-16 23:54:26','2018-02-09 08:48:33'),(98,29,1,'2017-05-12 11:36:35','2017-01-20 23:04:30'),(98,32,5,'2019-03-09 12:08:06','2018-05-30 11:19:07'),(98,65,2,'2017-12-12 04:29:34','2015-08-22 18:00:02'),(98,71,1,'2019-01-03 08:57:44','2015-06-12 14:50:36'),(98,96,3,'2018-04-19 05:04:28','2019-03-18 06:37:31'),(98,98,4,'2018-08-29 19:06:49','2019-11-16 08:16:41'),(99,10,5,'2017-06-04 23:00:39','2017-06-21 02:31:44'),(99,33,2,'2020-01-08 22:52:59','2016-12-03 01:37:15'),(99,39,1,'2018-12-05 06:10:34','2017-09-08 16:19:51'),(99,50,3,'2017-07-09 23:38:12','2016-11-29 23:28:29'),(99,96,1,'2016-10-01 21:16:32','2018-02-18 11:45:47'),(100,7,2,'2019-03-27 23:26:27','2015-07-14 19:21:51'),(100,25,5,'2018-05-04 05:37:41','2019-08-07 08:43:53'),(100,28,2,'2016-06-28 08:17:17','2018-03-10 17:44:41'),(100,34,1,'2018-06-30 16:07:48','2016-05-25 23:06:05'),(100,51,2,'2015-02-12 05:55:00','2016-04-03 21:18:06'),(100,85,4,'2018-03-02 14:44:44','2019-01-20 20:35:32'),(100,87,3,'2018-09-19 13:25:33','2018-06-15 11:24:48'),(100,92,4,'2018-09-12 04:04:21','2019-05-21 21:31:48');
/*!40000 ALTER TABLE `friendship` ENABLE KEYS */;
UNLOCK TABLES;

--
-- Table structure for table `friendship_statuses`
--

DROP TABLE IF EXISTS `friendship_statuses`;
/*!40101 SET @saved_cs_client     = @@character_set_client */;
/*!50503 SET character_set_client = utf8mb4 */;
CREATE TABLE `friendship_statuses` (
  `id` int(10) unsigned NOT NULL AUTO_INCREMENT,
  `name` varchar(150) CHARACTER SET utf8 COLLATE utf8_unicode_ci NOT NULL,
  PRIMARY KEY (`id`),
  UNIQUE KEY `name` (`name`)
) ENGINE=InnoDB AUTO_INCREMENT=6 DEFAULT CHARSET=utf8 COLLATE=utf8_unicode_ci;
/*!40101 SET character_set_client = @saved_cs_client */;

--
-- Dumping data for table `friendship_statuses`
--

LOCK TABLES `friendship_statuses` WRITE;
/*!40000 ALTER TABLE `friendship_statuses` DISABLE KEYS */;
INSERT INTO `friendship_statuses` VALUES (2,' b'),(1,' c'),(3,' d'),(4,' e'),(5,'a');
/*!40000 ALTER TABLE `friendship_statuses` ENABLE KEYS */;
UNLOCK TABLES;

--
-- Table structure for table `media`
--

DROP TABLE IF EXISTS `media`;
/*!40101 SET @saved_cs_client     = @@character_set_client */;
/*!50503 SET character_set_client = utf8mb4 */;
CREATE TABLE `media` (
  `id` int(10) unsigned NOT NULL AUTO_INCREMENT,
  `media_type_id` int(10) unsigned NOT NULL,
  `user_id` int(10) unsigned NOT NULL,
  `filename` varchar(255) CHARACTER SET utf8 COLLATE utf8_unicode_ci NOT NULL,
  `size` int(11) NOT NULL,
  `metadata` longtext CHARACTER SET utf8mb4 COLLATE utf8mb4_bin,
  `created_at` datetime DEFAULT CURRENT_TIMESTAMP,
  `updated_at` datetime DEFAULT CURRENT_TIMESTAMP ON UPDATE CURRENT_TIMESTAMP,
  PRIMARY KEY (`id`)
) ENGINE=InnoDB AUTO_INCREMENT=101 DEFAULT CHARSET=utf8 COLLATE=utf8_unicode_ci;
/*!40101 SET character_set_client = @saved_cs_client */;

--
-- Dumping data for table `media`
--

LOCK TABLES `media` WRITE;
/*!40000 ALTER TABLE `media` DISABLE KEYS */;
INSERT INTO `media` VALUES (1,1,1,'molestiae',532284610,NULL,'2003-04-13 19:42:28','1993-10-05 04:25:29'),(2,2,2,'aut',190572455,NULL,'1998-02-15 17:35:54','2010-06-08 13:58:05'),(3,3,3,'repellat',0,NULL,'2008-06-20 11:12:14','2007-05-16 09:40:18'),(4,4,4,'sapiente',745404693,NULL,'1976-12-25 17:53:32','2002-03-30 03:02:29'),(5,5,5,'ipsum',6476205,NULL,'2000-07-23 17:09:59','1978-09-20 04:44:08'),(6,1,6,'culpa',10962,NULL,'2000-04-21 10:52:11','1971-06-25 17:29:39'),(7,2,7,'veniam',675417,NULL,'1991-02-05 10:07:15','2011-05-02 19:08:55'),(8,3,8,'et',7906718,NULL,'1989-05-18 03:07:30','1997-04-23 06:51:58'),(9,4,9,'et',10055403,NULL,'1983-05-30 22:24:39','1971-07-15 20:10:27'),(10,5,10,'nesciunt',19,NULL,'1995-03-17 02:45:55','1991-06-09 13:51:10'),(11,1,11,'totam',769089082,NULL,'1996-01-15 14:36:31','1994-09-13 23:46:18'),(12,2,12,'reiciendis',26,NULL,'2008-11-16 02:21:15','1987-05-29 16:51:10'),(13,3,13,'blanditiis',21683,NULL,'1997-11-24 09:59:30','2014-01-19 05:13:13'),(14,4,14,'illo',6,NULL,'2012-03-03 15:17:11','2011-05-11 14:01:22'),(15,5,15,'tempore',926,NULL,'2003-12-03 17:22:24','2018-11-12 23:29:09'),(16,1,16,'maiores',5711,NULL,'2006-04-18 06:43:40','1997-10-05 09:22:09'),(17,2,17,'ut',0,NULL,'2013-11-17 14:45:01','2014-09-27 03:09:43'),(18,3,18,'omnis',0,NULL,'1983-04-15 08:14:24','1982-02-25 22:55:04'),(19,4,19,'placeat',12,NULL,'1994-02-21 14:59:36','2006-08-26 02:12:41'),(20,5,20,'dignissimos',5166068,NULL,'1975-08-10 03:10:58','1992-11-04 03:14:02'),(21,1,21,'rerum',3392096,NULL,'2016-06-04 19:23:25','2010-11-24 08:52:17'),(22,2,22,'aut',865234363,NULL,'1984-04-24 14:29:16','1995-02-14 20:56:47'),(23,3,23,'quia',84551806,NULL,'1973-08-22 20:13:48','1978-10-18 05:56:26'),(24,4,24,'repellat',5410040,NULL,'2012-07-31 00:14:13','1980-03-18 03:04:01'),(25,5,25,'fugiat',4768464,NULL,'1998-11-26 17:50:09','2017-05-07 16:43:08'),(26,1,26,'accusamus',83,NULL,'1998-11-12 22:06:46','1990-08-11 11:51:09'),(27,2,27,'cum',6021,NULL,'1982-10-21 02:47:29','2015-11-04 06:31:40'),(28,3,28,'voluptate',623524,NULL,'1988-01-23 10:28:06','2014-08-22 12:18:44'),(29,4,29,'eos',0,NULL,'1999-06-12 16:48:39','2002-11-30 01:54:04'),(30,5,30,'veritatis',92109,NULL,'1993-01-27 22:00:30','1993-07-17 17:42:55'),(31,1,31,'nostrum',4821,NULL,'2006-12-17 00:24:49','1991-08-05 08:58:16'),(32,2,32,'ea',44,NULL,'1995-11-07 03:26:00','1987-07-06 08:44:29'),(33,3,33,'sunt',6040552,NULL,'1979-05-31 11:29:53','2007-08-19 23:40:41'),(34,4,34,'illum',5,NULL,'1970-02-02 20:55:52','2003-05-21 20:59:24'),(35,5,35,'hic',64081,NULL,'1991-03-09 00:43:56','1990-04-01 09:02:59'),(36,1,36,'maiores',3388708,NULL,'1979-05-16 18:51:48','2016-10-05 09:17:41'),(37,2,37,'sit',315,NULL,'1995-12-01 22:08:49','1991-12-16 15:42:23'),(38,3,38,'tenetur',5,NULL,'2018-02-25 14:30:26','1985-07-10 15:38:36'),(39,4,39,'tenetur',639523543,NULL,'2012-02-23 07:49:14','1971-02-26 10:01:38'),(40,5,40,'quod',3422091,NULL,'2001-02-06 07:01:36','1983-12-11 15:56:37'),(41,1,41,'aut',45083185,NULL,'2004-10-14 11:47:52','1995-02-02 04:06:16'),(42,2,42,'aspernatur',57143,NULL,'2008-09-27 15:33:08','1978-07-30 08:42:57'),(43,3,43,'in',491345723,NULL,'1984-11-27 14:23:02','2011-10-24 04:22:43'),(44,4,44,'et',44,NULL,'2015-05-04 04:04:53','2016-11-17 04:43:16'),(45,5,45,'distinctio',35,NULL,'1973-04-16 10:22:25','2019-08-02 11:47:06'),(46,1,46,'eius',5,NULL,'2007-08-23 20:56:44','2020-01-09 10:00:01'),(47,2,47,'et',80447588,NULL,'1975-02-18 12:51:41','1996-04-05 14:38:47'),(48,3,48,'aperiam',448260,NULL,'2016-06-20 17:26:38','2009-05-06 09:55:14'),(49,4,49,'necessitatibus',330189,NULL,'1974-10-21 03:05:31','2013-11-17 20:50:46'),(50,5,50,'ut',11,NULL,'1996-11-12 02:44:44','1990-09-10 00:38:17'),(51,1,51,'in',836,NULL,'2004-09-19 09:27:06','1985-02-03 11:50:35'),(52,2,52,'voluptatibus',5699,NULL,'2005-05-29 15:44:46','1992-12-03 19:53:58'),(53,3,53,'labore',0,NULL,'2015-05-14 21:35:27','2006-02-20 07:11:24'),(54,4,54,'reprehenderit',632,NULL,'1988-03-11 21:13:04','1973-01-02 22:30:04'),(55,5,55,'voluptate',0,NULL,'2012-03-05 22:46:02','2013-11-12 08:40:15'),(56,1,56,'ex',4616430,NULL,'1995-10-06 08:43:37','1994-06-19 14:33:35'),(57,2,57,'est',32,NULL,'1982-08-22 09:49:33','1986-06-06 02:44:15'),(58,3,58,'nesciunt',54242,NULL,'2012-09-04 07:47:24','1971-11-05 23:01:02'),(59,4,59,'assumenda',525,NULL,'2010-06-01 00:09:18','2005-11-14 11:33:50'),(60,5,60,'laudantium',8705,NULL,'1989-08-11 18:31:58','1975-02-25 00:25:11'),(61,1,61,'earum',2210500,NULL,'1974-01-18 21:28:11','1996-10-03 16:57:21'),(62,2,62,'modi',91910,NULL,'1999-08-02 20:43:33','1989-02-28 15:26:32'),(63,3,63,'esse',340,NULL,'2005-03-04 08:24:23','2012-12-09 05:13:07'),(64,4,64,'occaecati',0,NULL,'2011-08-25 21:47:10','1991-02-28 09:36:03'),(65,5,65,'optio',46,NULL,'1994-08-19 08:48:11','2010-12-30 19:56:38'),(66,1,66,'perferendis',0,NULL,'2013-02-14 04:31:43','2014-10-01 07:31:19'),(67,2,67,'sint',687778,NULL,'1991-12-02 22:08:33','2010-11-18 08:27:24'),(68,3,68,'eum',7124677,NULL,'1987-10-12 08:27:17','1993-04-27 17:41:03'),(69,4,69,'dicta',38993596,NULL,'2010-09-10 22:51:17','1989-01-01 09:03:49'),(70,5,70,'ullam',31168099,NULL,'1979-07-09 23:46:32','1979-08-22 03:12:05'),(71,1,71,'aut',87,NULL,'1990-06-27 16:40:19','1998-05-08 21:20:20'),(72,2,72,'non',6890528,NULL,'2007-04-07 12:29:45','1991-01-11 05:12:19'),(73,3,73,'ut',1443362,NULL,'2011-08-31 17:16:52','2012-10-16 05:32:28'),(74,4,74,'hic',71253,NULL,'1984-10-13 03:37:50','1983-12-06 09:07:50'),(75,5,75,'hic',9344409,NULL,'2019-11-29 19:21:16','1970-04-30 16:08:38'),(76,1,76,'et',0,NULL,'2000-05-30 08:42:52','1987-08-01 15:38:38'),(77,2,77,'illo',42674173,NULL,'1993-04-03 22:43:59','2002-09-23 10:29:49'),(78,3,78,'et',70131462,NULL,'2009-12-27 09:02:56','2002-09-05 09:41:04'),(79,4,79,'similique',250002,NULL,'1977-06-21 03:29:46','2014-05-22 21:03:13'),(80,5,80,'exercitationem',551939570,NULL,'2019-10-28 09:02:17','2016-04-18 14:07:58'),(81,1,81,'sit',9604087,NULL,'1986-07-29 13:21:01','1971-03-28 19:54:21'),(82,2,82,'nobis',561220,NULL,'2006-07-01 03:55:04','1992-01-29 15:59:43'),(83,3,83,'et',0,NULL,'2018-08-18 23:50:29','1984-01-18 13:48:25'),(84,4,84,'nostrum',75894,NULL,'1980-12-26 01:12:51','1992-04-14 19:22:55'),(85,5,85,'cupiditate',328701558,NULL,'1995-11-26 04:14:32','1975-07-17 13:28:53'),(86,1,86,'consequatur',4,NULL,'1980-03-04 06:28:18','2001-06-22 05:53:00'),(87,2,87,'quas',379,NULL,'1973-01-28 13:14:40','1990-05-08 19:08:35'),(88,3,88,'et',0,NULL,'1992-05-17 19:19:36','2013-12-15 02:18:10'),(89,4,89,'quisquam',804533,NULL,'2003-04-01 23:55:23','1989-01-12 14:38:30'),(90,5,90,'dicta',942066,NULL,'1996-05-22 03:57:11','1979-06-25 23:57:18'),(91,1,91,'fugiat',91,NULL,'2009-01-03 11:06:49','1979-07-10 18:17:02'),(92,2,92,'qui',0,NULL,'1982-03-15 12:13:28','1980-06-13 21:32:36'),(93,3,93,'temporibus',85051,NULL,'1990-02-18 07:34:14','2011-08-07 14:47:38'),(94,4,94,'a',3,NULL,'1996-12-17 06:47:37','1974-09-20 12:59:41'),(95,5,95,'quia',0,NULL,'2005-01-15 00:38:55','1972-07-08 16:52:46'),(96,1,96,'sint',7,NULL,'1976-06-15 08:52:39','2011-09-15 03:44:44'),(97,2,97,'voluptates',6,NULL,'2011-04-23 12:58:45','2017-10-21 16:34:50'),(98,3,98,'esse',3,NULL,'2002-11-17 12:03:43','1990-05-19 07:16:56'),(99,4,99,'consequatur',332783026,NULL,'2004-05-02 02:42:30','1995-05-19 11:06:27'),(100,5,100,'sed',2,NULL,'1974-01-12 07:41:32','1985-05-27 09:44:58');
/*!40000 ALTER TABLE `media` ENABLE KEYS */;
UNLOCK TABLES;

--
-- Table structure for table `media_types`
--

DROP TABLE IF EXISTS `media_types`;
/*!40101 SET @saved_cs_client     = @@character_set_client */;
/*!50503 SET character_set_client = utf8mb4 */;
CREATE TABLE `media_types` (
  `id` int(10) unsigned NOT NULL AUTO_INCREMENT,
  `name` varchar(255) CHARACTER SET utf8 COLLATE utf8_unicode_ci NOT NULL,
  PRIMARY KEY (`id`),
  UNIQUE KEY `name` (`name`)
) ENGINE=InnoDB AUTO_INCREMENT=6 DEFAULT CHARSET=utf8 COLLATE=utf8_unicode_ci;
/*!40101 SET character_set_client = @saved_cs_client */;

--
-- Dumping data for table `media_types`
--

LOCK TABLES `media_types` WRITE;
/*!40000 ALTER TABLE `media_types` DISABLE KEYS */;
INSERT INTO `media_types` VALUES (1,'aut'),(4,'consectetur'),(2,'dolore'),(3,'fugit'),(5,'nihil');
/*!40000 ALTER TABLE `media_types` ENABLE KEYS */;
UNLOCK TABLES;

--
-- Table structure for table `messages`
--

DROP TABLE IF EXISTS `messages`;
/*!40101 SET @saved_cs_client     = @@character_set_client */;
/*!50503 SET character_set_client = utf8mb4 */;
CREATE TABLE `messages` (
  `id` int(10) unsigned NOT NULL AUTO_INCREMENT,
  `from_user_id` int(10) unsigned NOT NULL,
  `to_user_id` int(10) unsigned NOT NULL,
  `body` text CHARACTER SET utf8 COLLATE utf8_unicode_ci NOT NULL,
  `is_important` tinyint(1) DEFAULT NULL,
  `is_delivered` tinyint(1) DEFAULT NULL,
  `created_at` datetime DEFAULT CURRENT_TIMESTAMP,
  PRIMARY KEY (`id`)
) ENGINE=InnoDB AUTO_INCREMENT=101 DEFAULT CHARSET=utf8 COLLATE=utf8_unicode_ci;
/*!40101 SET character_set_client = @saved_cs_client */;

--
-- Dumping data for table `messages`
--

LOCK TABLES `messages` WRITE;
/*!40000 ALTER TABLE `messages` DISABLE KEYS */;
INSERT INTO `messages` VALUES (1,9,52,'Quia illo non quisquam iste a qui earum. Iste molestias perferendis ut ut. Ipsam esse beatae excepturi ullam.',0,0,'2017-04-25 03:27:20'),(2,71,7,'Libero dolorem et occaecati deserunt saepe ratione. Quas reprehenderit optio fugit provident iste eum eum blanditiis. Qui minima aut expedita quos. Qui laudantium ipsa quia eveniet.',1,0,'2016-08-01 19:47:45'),(3,99,19,'Doloremque quos quidem non facere enim at dolor. Hic facere in maxime corrupti eos consectetur omnis dicta. Vitae maxime et quam commodi.',1,0,'2015-08-20 15:25:28'),(4,64,39,'Non vel eos enim enim assumenda. Quo rerum quis ut doloremque non laudantium. Occaecati sequi deserunt laboriosam fuga excepturi nobis. Distinctio exercitationem soluta earum vel blanditiis ex voluptate. Modi est quia omnis cum.',0,1,'2016-03-17 00:12:20'),(5,64,41,'Cum adipisci voluptatem consectetur voluptas rerum vero et ut. Reiciendis animi in esse ullam rerum.',1,1,'2018-10-19 19:56:18'),(6,87,30,'Quis est quas debitis sunt fugiat facilis incidunt rerum. Maxime est unde sunt debitis omnis.',0,1,'2017-04-17 12:34:37'),(7,18,38,'Molestiae quibusdam architecto necessitatibus nihil. Omnis quibusdam in mollitia sint qui id. Est enim tenetur ut rerum. Consequatur commodi voluptatem ut numquam animi quo.',1,0,'2015-06-15 12:47:53'),(8,50,12,'Ipsa delectus doloribus voluptatem facilis qui a enim aut. Iusto voluptatem error natus officiis.',0,1,'2016-09-04 23:50:30'),(9,41,62,'In possimus occaecati quisquam enim ut. Praesentium tenetur minima et quas. Et harum eum aut sed quo sint.',0,1,'2019-03-17 10:43:29'),(10,7,81,'Unde animi laborum ut sed. Rerum et enim molestias aliquid at. Architecto fugiat enim qui voluptas voluptatibus numquam.',1,1,'2018-03-11 02:44:46'),(11,62,97,'Accusamus asperiores dolor asperiores. Quia ipsum et doloremque qui nihil. Laboriosam dolores odio pariatur maxime aut.',1,1,'2018-02-21 08:54:35'),(12,44,74,'Laborum amet error placeat ut excepturi sapiente in. Debitis accusamus fugiat ducimus neque. Sint accusantium expedita in veniam eveniet nesciunt optio. Nostrum recusandae enim nesciunt reprehenderit minus.',0,1,'2019-12-31 09:33:09'),(13,100,22,'Deleniti ab minima quam voluptas adipisci id. Expedita optio exercitationem reiciendis voluptates voluptatibus. Tempore quae voluptate voluptas voluptates. Quia est ut aut delectus.',0,1,'2016-06-13 05:10:31'),(14,37,48,'Culpa aut commodi commodi hic. Ut dicta qui sint velit. Repellat nesciunt labore maiores molestias autem.',1,0,'2016-03-22 01:29:52'),(15,24,43,'Et ab sit sunt. Rerum recusandae sint aut porro molestiae commodi esse. Sed laborum optio officiis vero. Possimus dicta eveniet voluptatibus.',0,0,'2015-06-15 07:44:23'),(16,90,29,'Voluptatem consequuntur soluta porro consectetur. Nam et et quaerat. Quia et deserunt sed qui. A numquam accusamus quis exercitationem voluptas eveniet. Nobis aspernatur voluptas inventore illo maxime et.',1,1,'2015-03-11 21:05:06'),(17,73,10,'Qui temporibus in eaque quia recusandae sed distinctio. Ipsa optio quod eos rerum et reprehenderit. Eaque non molestiae unde dolor iure doloribus. Nihil laboriosam soluta eaque magnam.',0,0,'2019-01-31 04:16:13'),(18,20,91,'Dolore sapiente quo aspernatur. Sapiente quisquam quod accusamus minus.',0,0,'2019-06-10 16:49:00'),(19,71,26,'Vel quasi ea et architecto enim animi. Deleniti possimus eos omnis odit minus excepturi. Ullam aut sequi et qui. Eos nisi molestiae voluptatem accusantium est quidem.',0,0,'2016-09-26 18:01:31'),(20,37,55,'Dolorem fuga odit voluptatibus molestias qui. Est aliquam doloribus quia explicabo quo maiores sunt. Fugit sint libero hic in dolores minima inventore. Qui maxime deserunt laboriosam mollitia.',1,0,'2015-10-20 11:19:33'),(21,92,45,'Eaque iste voluptas nihil sunt voluptatem. Ipsum accusamus debitis voluptas consequatur inventore qui. Pariatur aspernatur laborum odit facere. Et et itaque quidem voluptatibus ut eos reprehenderit.',1,0,'2017-01-11 07:50:35'),(22,1,3,'Libero qui alias temporibus et. Id adipisci eum velit velit dolor commodi. Accusantium ab exercitationem blanditiis id rem maxime.',0,1,'2018-10-14 14:34:07'),(23,85,20,'Rerum et voluptate animi voluptas deserunt. Porro porro itaque sunt nam hic vitae earum. Labore voluptas impedit eveniet dolores optio aut. Aut est et delectus vero in ullam doloremque numquam. Dolorem ea qui eveniet corporis.',1,0,'2016-03-31 04:02:14'),(24,71,20,'Eum accusantium sit illo sed. Quam vel porro quidem quisquam delectus tempore iste. Vero provident nesciunt ut labore eum ab.',1,0,'2019-06-01 19:25:50'),(25,70,80,'Optio quis iusto sunt qui alias. Eveniet qui molestiae veritatis inventore hic doloremque. Labore dolor a nesciunt tenetur non vitae.',1,1,'2015-05-04 06:06:21'),(26,88,18,'Ex magnam excepturi est accusantium quis laboriosam aperiam dolores. Voluptas sed qui commodi.',0,1,'2015-04-30 18:18:30'),(27,59,70,'Facere vel ad aliquid corrupti dolore expedita veritatis. Maiores quia nihil esse eaque sit. Autem rem omnis illum architecto corrupti libero.',0,0,'2016-03-10 20:33:53'),(28,41,19,'Tempora non sit qui qui sit. Commodi at aut facere omnis non.',0,0,'2015-12-16 12:27:56'),(29,33,95,'Dolor maiores voluptatum recusandae est et magnam. Eveniet numquam nesciunt sapiente iusto. Ratione ipsum eum eveniet dolorum similique praesentium.',0,0,'2017-12-11 21:31:26'),(30,59,96,'Enim et ea nostrum magni odio. Quia error porro eius quia. Sit officiis eaque porro nostrum sunt. Ipsum qui alias et nostrum deserunt et ratione. Eligendi qui explicabo dolor nam.',0,0,'2016-06-17 14:12:49'),(31,62,74,'Et sit nihil nihil delectus. Accusamus itaque sunt sit voluptas ab. Numquam iusto dicta in dolores.',0,1,'2015-02-08 02:54:50'),(32,58,51,'Perferendis consequuntur numquam magni eum delectus sit. Unde a perferendis quisquam quis enim quaerat. Impedit rem magni sint nam voluptatem quibusdam dolores.',0,1,'2016-08-06 04:50:22'),(33,87,5,'Voluptatem et voluptatem nisi architecto amet. Nostrum cumque doloremque deleniti corrupti eum. Modi quasi enim quae repudiandae quo et natus. Officia ut optio occaecati non quam aut odit.',1,0,'2016-06-26 02:50:07'),(34,76,53,'Qui hic laboriosam architecto et nihil error exercitationem. Dolores ex molestias quaerat repudiandae et. Autem nesciunt accusantium possimus veniam et et inventore.',1,1,'2016-05-25 16:49:03'),(35,1,45,'Voluptatum error ipsam quasi laborum et architecto. Cum et facilis repudiandae ducimus voluptatem ipsum voluptatem. Consequatur ut ullam possimus rerum sint alias accusantium. Eos magni similique similique nam ipsum a.',1,1,'2017-06-16 06:50:48'),(36,91,2,'Est nam est error labore placeat fugiat voluptatem sapiente. Magnam minima et animi eum est soluta iusto. Laboriosam et corrupti minus est quas.',1,0,'2017-09-14 18:08:04'),(37,74,22,'Nihil eligendi amet omnis. Nulla maiores non et fuga dicta nostrum odit. Veniam sed et nobis qui. Et quod enim blanditiis quod harum ut minima.',1,0,'2017-08-02 22:10:06'),(38,72,35,'Assumenda odit enim sit. Ipsam odio non vero ut id. Sed qui harum ut quis dignissimos. Dolorem sapiente tenetur eos reprehenderit doloremque. Amet qui commodi expedita tenetur.',0,1,'2015-03-12 23:52:22'),(39,13,1,'Eveniet tenetur minus similique modi quasi quia. Eaque ut culpa nihil nemo id minus. Quia ut sit voluptatem et nam quas rem.',1,0,'2018-12-04 10:10:58'),(40,7,83,'Sequi quo animi sit qui totam dolor. Non culpa soluta accusamus dolorem est perferendis.',0,1,'2019-02-18 10:28:51'),(41,100,2,'Ad iure maiores quia sint suscipit. Aut accusantium ullam exercitationem sed tenetur est quod. Illum ut eligendi cupiditate quo.',0,0,'2019-04-26 10:32:15'),(42,43,84,'Asperiores beatae molestias cum et voluptas. Qui vitae nihil natus non. Qui et tempora et ducimus sit enim. Nulla nulla omnis repellendus perferendis aut id repellat.',1,1,'2019-12-04 18:37:59'),(43,91,1,'Quia rem quia labore eius. Corporis dolorem dolores rerum voluptatem asperiores. Odit voluptate eligendi aut porro. Voluptatem ea ut aut qui dolores nesciunt minus.',1,1,'2015-07-27 09:28:28'),(44,94,12,'Enim alias ex commodi quia debitis nisi dolorum. Facilis rem qui dolores distinctio laboriosam. Inventore corrupti magni praesentium placeat est. Nostrum dolor et vel quam est sequi.',1,1,'2017-11-27 04:16:05'),(45,87,80,'Sint doloribus cumque ratione excepturi voluptatem sed deleniti. Quia molestias illum voluptates sunt cupiditate velit. Id adipisci dignissimos eum temporibus deserunt veniam. Iusto quas et nihil impedit in fugit rerum aperiam.',1,1,'2016-05-09 14:18:32'),(46,52,13,'Et voluptatem suscipit voluptatem omnis mollitia veniam eos. Omnis itaque id suscipit quidem. Quis ratione impedit porro consequatur suscipit a. Est asperiores aliquam ut rerum voluptas sed ut.',1,1,'2016-05-24 02:33:03'),(47,22,33,'Culpa vero sunt dolor fuga ut. Dignissimos provident labore sit repellat et. Qui suscipit corrupti id qui dolorem vel dolores. In asperiores et tempora itaque fugiat ipsa omnis.',0,0,'2015-05-09 16:54:38'),(48,84,34,'Qui nobis voluptatibus officia maxime qui. Quisquam eveniet unde aliquam tenetur delectus. Eum accusamus ut dolores quasi omnis.',1,1,'2016-10-28 03:56:11'),(49,25,46,'Odit cupiditate nostrum atque voluptas quod qui repellat. Blanditiis est quos quas. Modi provident a aut aut rerum et. Aut et aut modi ad perferendis quidem autem accusamus.',0,0,'2019-07-13 14:57:14'),(50,21,94,'Quia qui ut occaecati quis aut ut. Quisquam et quidem sit et cupiditate. Aut qui architecto aut corporis. Pariatur eum quae officia doloremque hic sunt nihil.',0,0,'2015-06-13 14:25:52'),(51,77,75,'Cum exercitationem sunt ut sit suscipit totam labore consequatur. Aliquam maiores et sit repellat. Consequatur qui est dignissimos ea suscipit officiis occaecati.',1,1,'2017-04-23 13:43:25'),(52,40,52,'Doloribus placeat vitae sed rerum quos placeat ducimus. Quaerat exercitationem excepturi hic eius minima. Est vel dolore inventore eum aspernatur ut aut.',1,1,'2016-11-04 00:32:38'),(53,75,59,'Sint doloremque eius voluptatem nesciunt dignissimos. Magni rerum temporibus eius. Nobis saepe nisi expedita unde ea nihil.',0,0,'2019-12-13 06:59:01'),(54,25,57,'Ducimus enim et vel ea ab nobis. Quis dolor ab voluptatem sed delectus modi. Asperiores minima repellendus laboriosam quis. Repellat nihil consequatur fugit quam ullam.',1,1,'2015-08-22 13:58:44'),(55,44,85,'Quo placeat mollitia facilis doloribus dolorem placeat et. Accusantium sed nobis explicabo. Dolorem repellendus voluptate saepe dignissimos et beatae quasi.',1,0,'2017-06-16 18:55:52'),(56,78,23,'Ea odit nesciunt non dolore repudiandae non. Iusto rerum voluptatem omnis. Aspernatur sed vitae ducimus a temporibus voluptatem nemo. Velit ipsum assumenda ea.',0,1,'2018-11-09 12:11:57'),(57,50,43,'Et et voluptas vitae laborum numquam praesentium. Temporibus voluptatem quibusdam placeat et. Ut eius deserunt et reiciendis repellat exercitationem assumenda. Et quo esse perspiciatis aperiam.',0,1,'2016-05-21 02:54:11'),(58,42,3,'Velit est et adipisci quam. Exercitationem deserunt voluptatem rerum. Laborum quae tenetur soluta quisquam dolor eius quia necessitatibus.',0,0,'2018-02-11 08:22:16'),(59,3,51,'Minima omnis quam modi ut. Vel sed necessitatibus earum vitae. Et molestiae sapiente corrupti. Non doloremque repellendus rerum illo.',0,0,'2017-08-16 22:39:27'),(60,36,33,'At quia laboriosam repellendus enim maiores sequi sit quos. Molestias saepe ipsum numquam minus ut reprehenderit nemo. Impedit corporis consequatur dignissimos et sint. Saepe voluptatem sunt magnam.',0,1,'2018-10-20 20:16:18'),(61,69,5,'Sit optio inventore est sint dignissimos ea quia vel. Numquam eum quis aut est. Tempora inventore accusantium et et unde. Iusto facere et consequuntur magnam voluptas consequatur praesentium.',0,0,'2015-01-18 06:54:58'),(62,77,80,'Id ut possimus facere facere id. Consectetur cum consequatur nihil molestiae blanditiis voluptas minima odio. Iure sapiente molestiae quis commodi.',0,1,'2016-05-08 16:55:08'),(63,20,58,'Illum molestiae cum voluptas earum quam. Deserunt enim hic enim iure ex exercitationem. Debitis suscipit dolores ducimus quia deserunt.',1,1,'2018-04-28 11:13:15'),(64,42,42,'Optio possimus quia reiciendis officia est. Voluptatem quisquam in enim natus fuga eius cum. Et eveniet et nihil earum. Inventore doloribus impedit inventore molestias non laboriosam ab.',1,1,'2019-04-23 07:44:18'),(65,17,57,'Sed reiciendis quo deleniti. Dolorem omnis quibusdam distinctio maxime voluptatibus. Libero reprehenderit aliquid quaerat quas.',1,0,'2019-12-03 14:59:01'),(66,81,12,'Dolorum iusto nesciunt est molestiae. In unde voluptatem eius asperiores praesentium. Magnam repellat harum velit unde.',0,0,'2019-09-29 08:02:27'),(67,36,77,'Et sequi dignissimos suscipit fugiat. Distinctio vitae et commodi harum error sunt harum. Et eum corrupti numquam rerum delectus culpa excepturi.',0,0,'2017-08-29 11:23:53'),(68,27,62,'Nihil commodi pariatur et. Non asperiores quibusdam impedit reprehenderit cupiditate. Eveniet ea tenetur consequatur sint eum ad laboriosam error. Dolorum dicta at cupiditate quia corporis iste sit.',0,1,'2017-02-11 03:15:54'),(69,29,11,'Quam nostrum ipsum excepturi ut voluptatem aut odio. Consectetur et corporis nemo rerum.',1,1,'2019-11-28 04:31:10'),(70,39,77,'Recusandae et voluptatum itaque eaque ea. Consequatur occaecati illum neque veniam consequatur. Exercitationem tempora animi error nisi nihil.',0,0,'2018-10-22 09:32:43'),(71,77,100,'Amet iure voluptate amet placeat aut ea maiores. Et dolorem dolorem dignissimos voluptas consequatur ducimus. Reprehenderit non aspernatur asperiores dolorem perferendis ut dolores sapiente.',0,1,'2016-05-23 15:21:29'),(72,15,29,'Quo ut harum incidunt. Nostrum blanditiis aliquam error eos nostrum et. Neque quod adipisci laudantium nesciunt corrupti officiis iste. Eum doloremque voluptatibus quia eum nisi ea aliquid. Iusto doloribus odit dolor non.',1,1,'2017-07-04 10:03:32'),(73,92,92,'Blanditiis id deleniti neque consequuntur repellat qui et. Nihil facilis eaque aut ducimus consequuntur et. Asperiores in porro dolorum facere tempore consequatur. Quisquam cum ut sunt consequatur.',0,1,'2017-06-10 12:12:46'),(74,92,100,'Eveniet et aliquid dignissimos vel. Est modi quibusdam soluta. Tempore porro tenetur non ut occaecati. Fugiat beatae quasi dolor. Enim dolorem consectetur hic qui et.',0,0,'2015-10-21 10:25:49'),(75,20,26,'Dolorem omnis quis quidem vel. Nulla nam sint vero facere et quos perspiciatis. Laborum non velit dignissimos eos sunt eveniet explicabo. Omnis quis maxime eos mollitia nam quidem.',1,1,'2017-10-13 13:46:50'),(76,96,41,'Earum minus aut molestias voluptatum qui asperiores magnam. Sint velit molestiae vel aperiam ducimus enim. Cupiditate minus est quos sed at tempora.',0,1,'2016-01-29 12:29:16'),(77,6,89,'Sit culpa ipsam sunt. Maxime explicabo delectus doloribus et vel velit et. Et placeat sed mollitia aut illum molestias. Est est soluta aperiam pariatur quia consequuntur.',1,0,'2016-01-10 17:23:28'),(78,32,79,'Est laudantium accusantium vitae repudiandae ipsa. Sed voluptatem nulla libero aspernatur. Omnis voluptatem ab assumenda sunt.',1,1,'2019-11-24 07:30:49'),(79,68,13,'Perspiciatis quo alias asperiores dolores debitis fugit voluptate aliquid. Rem non ut ut molestiae molestiae maxime. Rerum ad temporibus sed nobis dolores et.',1,1,'2016-09-21 19:53:49'),(80,30,4,'Voluptatem officia qui deserunt qui similique in. Illo nostrum repellendus quis.',0,0,'2015-09-21 20:49:15'),(81,5,15,'Similique necessitatibus ipsum enim. Quasi qui facilis sunt est ipsa ut. Facere unde officiis corrupti quidem repellendus labore.',1,1,'2017-11-08 00:38:13'),(82,15,81,'Non numquam quo voluptatem magnam sint voluptas hic. Aliquam hic laborum qui laborum aliquam est. Doloribus dolorem tempore earum nihil inventore quod labore. Asperiores ab eos id natus doloremque est.',0,1,'2019-04-22 00:03:19'),(83,62,60,'Cupiditate necessitatibus autem quis non consequuntur asperiores reiciendis. Tenetur sint adipisci voluptate ducimus qui pariatur sed quam. Dignissimos quia aperiam id nihil.',1,0,'2018-05-03 20:57:06'),(84,82,77,'Soluta sit sapiente perferendis autem fugiat. Quis qui repudiandae ipsum provident voluptas autem nostrum odio. Eius quo vel quia molestiae. Vero laborum sit nam quos porro placeat consectetur.',1,0,'2015-04-11 05:07:43'),(85,61,25,'Fugit quidem praesentium et eaque. Voluptatem asperiores voluptate voluptatem omnis quod provident et quam. Non suscipit quia cupiditate atque quidem animi. Dolorum quo nam magnam molestiae id qui.',1,1,'2018-01-09 09:21:23'),(86,57,56,'Est molestiae neque quia eum totam omnis consectetur debitis. Rerum maxime et earum quia. Velit est et debitis voluptas numquam.',1,1,'2016-10-28 21:33:50'),(87,7,88,'Est minima aliquid provident eum veritatis. Quia sapiente eum et ut in explicabo. Nisi voluptas et laborum minima ut aliquid.',1,0,'2016-09-19 17:30:20'),(88,64,85,'In enim nobis eos ducimus porro vel voluptatem. Sequi reiciendis doloremque est tempora nemo vero. Ut qui nulla debitis minus corporis quis voluptatum illo. Provident dolor quos veritatis rerum. Dolores autem non et iure numquam recusandae rerum.',0,1,'2016-07-19 03:18:27'),(89,38,62,'Excepturi labore aut in. Occaecati dolores quo nulla ab sit molestias itaque voluptatem.',0,0,'2016-01-03 12:11:02'),(90,62,44,'Ut praesentium est nemo possimus eum asperiores enim. Velit velit animi qui sed sequi eius sed. Qui maxime qui sapiente labore amet porro. Sed aliquam eligendi et beatae doloremque occaecati.',0,1,'2019-10-04 09:03:12'),(91,71,15,'Veritatis omnis est cumque iusto. Aut repellendus sapiente perspiciatis error corporis repellendus.',1,1,'2017-11-27 20:17:41'),(92,5,98,'Quos vel omnis at ratione. Beatae dolor dignissimos rerum sequi id. Porro ut velit eos officia voluptatem fugiat.',1,1,'2015-05-08 03:03:34'),(93,7,62,'Odit cupiditate beatae est quam. Qui aliquam eius iste quis.',1,1,'2016-10-11 07:08:21'),(94,84,25,'Molestias est quia veritatis at dolores aliquam. Aliquid quasi et praesentium et et deleniti architecto. Et id at repellendus. Similique atque velit enim.',0,0,'2018-02-05 03:57:31'),(95,73,23,'Porro esse explicabo fugiat non. Sequi adipisci rerum sit maiores dolor dolorem. Et occaecati dolores qui laudantium quis.',1,0,'2015-08-20 09:25:24'),(96,18,86,'Et velit eum praesentium at et in similique libero. Facilis sit omnis voluptatem sit. Molestiae minima tenetur aliquam ipsa ipsum soluta voluptatem.',1,1,'2018-07-12 11:40:09'),(97,22,40,'Asperiores soluta qui accusantium quam. Illo dignissimos aspernatur qui necessitatibus nostrum. Laboriosam dolorum veritatis culpa aut quisquam. Aperiam consequatur dicta enim.',1,0,'2018-07-18 21:47:39'),(98,75,98,'Sed corrupti voluptatem et et repudiandae error minima. Officia a est est aut velit deserunt. Magni sunt explicabo quia sunt odio laudantium. Eveniet quis consequatur alias perferendis eos incidunt.',1,0,'2019-02-27 04:05:35'),(99,6,12,'Voluptates cum sed voluptatem et quam in. Similique veritatis ut repellendus dolores rerum. Dolorem nulla sit a nulla dolorem quisquam cum et.',0,0,'2019-06-08 13:11:26'),(100,69,29,'Totam aut dolor ipsa consequuntur magni. Molestiae corrupti commodi nobis accusantium ipsa beatae. Tempore quos et maxime reiciendis facilis nam. Inventore saepe minus et suscipit et laboriosam.',0,1,'2020-01-13 08:59:38');
/*!40000 ALTER TABLE `messages` ENABLE KEYS */;
UNLOCK TABLES;

--
-- Table structure for table `profiles`
--

DROP TABLE IF EXISTS `profiles`;
/*!40101 SET @saved_cs_client     = @@character_set_client */;
/*!50503 SET character_set_client = utf8mb4 */;
CREATE TABLE `profiles` (
  `birthdate` date DEFAULT NULL,
  `sex` char(1) CHARACTER SET utf8 COLLATE utf8_unicode_ci NOT NULL,
  `hometown` varchar(100) CHARACTER SET utf8 COLLATE utf8_unicode_ci DEFAULT NULL,
  `country` varchar(100) CHARACTER SET utf8 COLLATE utf8_unicode_ci DEFAULT NULL,
  `photo_id` int(10) unsigned DEFAULT NULL,
  `created_at` datetime DEFAULT CURRENT_TIMESTAMP,
  `updated_at` datetime DEFAULT CURRENT_TIMESTAMP ON UPDATE CURRENT_TIMESTAMP,
  `id` int(10) unsigned NOT NULL AUTO_INCREMENT,
  `foreign_key` int(10) unsigned NOT NULL,
  PRIMARY KEY (`id`)
) ENGINE=InnoDB AUTO_INCREMENT=101 DEFAULT CHARSET=utf8 COLLATE=utf8_unicode_ci;
/*!40101 SET character_set_client = @saved_cs_client */;

--
-- Dumping data for table `profiles`
--

LOCK TABLES `profiles` WRITE;
/*!40000 ALTER TABLE `profiles` DISABLE KEYS */;
INSERT INTO `profiles` VALUES ('1977-11-19','a','West Nevafurt','Saint Kitts and Nevis',3917,'2019-05-09 22:21:29','2020-01-16 20:58:29',1,26),('2016-01-07','b','North Ahmedton','Netherlands Antilles',9662,'2017-07-13 06:27:41','2020-01-16 20:58:29',2,77),('1994-01-31','b','New Nicola','Tanzania',3835,'2016-04-05 04:21:38','2020-01-16 20:58:29',3,6),('1991-03-29','b','Klockochester','Aruba',9284,'2019-01-22 19:47:11','2020-01-16 21:10:05',4,1),('1976-06-02','a','Conradmouth','Lebanon',864,'2016-06-18 01:18:42','2020-01-16 20:58:29',5,82),('1981-09-24','b','Leannonstad','New Caledonia',3257,'2017-08-25 02:12:00','2020-01-16 20:58:29',6,9),('2008-10-11','a','East Verdieshire','Sierra Leone',8832,'2015-03-18 00:54:16','2020-01-16 20:58:29',7,1),('1989-02-02','b','South Michaleside','Argentina',5719,'2016-01-16 13:41:11','2020-01-16 20:58:29',8,76),('1975-06-05','a','Port Norval','Bosnia and Herzegovina',8652,'2018-07-07 00:18:17','2020-01-16 20:58:29',9,79),('1982-06-09','a','Robertsland','Sri Lanka',4952,'2017-05-02 18:35:40','2020-01-16 20:58:29',10,65),('1977-11-12','b','Lake Monserrateberg','Georgia',656,'2018-11-27 21:25:16','2020-01-16 20:58:29',11,90),('1983-03-16','b','West Tom','Kazakhstan',2716,'2018-01-28 05:30:06','2020-01-16 20:58:29',12,52),('1992-12-21','a','Kelleybury','Rwanda',9696,'2016-12-21 15:06:01','2020-01-16 20:58:29',13,94),('1989-11-28','a','North Lenna','Papua New Guinea',2297,'2016-08-05 05:55:53','2020-01-16 20:58:29',14,10),('1972-07-07','b','South Jettie','Pakistan',4690,'2017-04-03 10:32:14','2020-01-16 20:58:29',15,72),('1973-04-10','b','Chancefort','Cocos (Keeling) Islands',2514,'2019-03-23 11:50:12','2020-01-16 20:58:29',16,27),('1992-10-29','b','Kreigerland','Bulgaria',4505,'2016-11-27 23:44:36','2020-01-16 20:58:29',17,18),('1984-07-11','a','Boristown','Mali',5039,'2018-04-07 06:18:25','2020-01-16 20:58:29',18,10),('2002-05-28','b','Lake Nannie','Spain',5289,'2016-07-30 08:26:45','2020-01-16 20:58:29',19,98),('1984-07-30','b','Jarrodview','Egypt',4626,'2016-12-07 17:29:26','2020-01-16 20:58:29',20,60),('1997-09-22','b','Petehaven','Czech Republic',9468,'2017-08-23 22:32:01','2020-01-16 20:58:29',21,5),('2019-10-09','b','Kennedymouth','China',3266,'2017-09-07 00:01:56','2020-01-16 20:58:29',22,43),('2016-10-26','a','Rolfsonside','Suriname',1981,'2019-09-09 07:49:08','2020-01-16 20:58:29',23,2),('2009-03-28','b','North Josue','China',1976,'2017-06-05 08:19:52','2020-01-16 20:58:29',24,81),('2016-02-20','b','Colinfort','Nigeria',9837,'2017-02-03 06:16:15','2020-01-16 20:58:29',25,98),('2010-10-10','a','New Calista','Guernsey',2059,'2018-02-21 17:11:29','2020-01-16 20:58:29',26,48),('2012-04-08','a','Noemymouth','Antarctica (the territory South of 60 deg S)',7707,'2015-12-17 00:11:15','2020-01-16 20:58:29',27,45),('2018-04-03','a','Romagueraside','Martinique',5264,'2018-03-15 12:16:17','2020-01-16 20:58:29',28,82),('1997-08-27','b','West Candida','Anguilla',8309,'2017-03-20 22:48:30','2020-01-16 20:58:29',29,74),('1986-05-18','b','South Peggiemouth','New Zealand',7784,'2018-11-18 10:19:35','2020-01-16 20:58:29',30,26),('2006-08-01','b','Lake Daphneville','Belize',8582,'2017-10-23 10:49:33','2020-01-16 20:58:29',31,6),('1999-04-09','b','Isaishire','Kazakhstan',1237,'2019-09-24 21:57:49','2020-01-16 20:58:29',32,52),('2008-12-02','b','North Johnnymouth','Syrian Arab Republic',1804,'2019-11-11 23:27:15','2020-01-16 20:58:29',33,41),('1998-11-29','b','Zulaborough','Canada',1788,'2017-05-01 07:11:32','2020-01-16 20:58:29',34,48),('2018-05-28','a','South Ryderville','Qatar',2962,'2017-05-30 00:54:13','2020-01-16 20:58:29',35,19),('1973-10-21','b','New Saulport','Oman',9776,'2018-09-23 04:23:20','2020-01-16 20:58:29',36,49),('2011-07-01','b','Joanchester','Romania',2212,'2018-12-01 06:54:43','2020-01-16 20:58:29',37,89),('1999-11-04','b','Hettingerland','Guatemala',9433,'2018-12-25 19:17:17','2020-01-16 20:58:29',38,98),('1978-06-30','a','Port Creola','Haiti',6980,'2017-01-10 09:29:18','2020-01-16 20:58:29',39,24),('1973-01-24','b','Lake Stanton','United States Minor Outlying Islands',1796,'2019-07-16 03:08:31','2020-01-16 20:58:29',40,24),('2010-09-25','b','Bartonhaven','Fiji',170,'2017-03-24 21:01:54','2020-01-16 20:58:29',41,50),('1992-09-25','b','West Alejandramouth','Wallis and Futuna',3897,'2016-10-24 00:57:49','2020-01-16 20:58:29',42,79),('1998-03-04','a','Hauckside','Costa Rica',2942,'2017-03-24 23:00:05','2020-01-16 20:58:29',43,45),('1993-02-04','b','New Susana','Aruba',7505,'2018-11-04 08:37:00','2020-01-16 20:58:29',44,85),('2003-06-08','b','Lake Velvatown','Puerto Rico',2294,'2017-06-10 21:38:57','2020-01-16 20:58:29',45,93),('1970-08-17','a','Tonystad','Maldives',9395,'2015-12-14 14:12:14','2020-01-16 20:58:29',46,11),('2011-08-23','b','East Stella','Kuwait',210,'2017-07-03 02:11:16','2020-01-16 20:58:29',47,73),('1985-07-24','a','Lake Shanel','Moldova',9884,'2019-12-04 00:37:33','2020-01-16 20:58:29',48,33),('2008-01-26','b','Crooksville','American Samoa',3433,'2016-04-09 13:17:20','2020-01-16 20:58:29',49,47),('1974-09-03','a','Port Demetrisfurt','Mayotte',9562,'2019-11-24 16:01:26','2020-01-16 20:58:29',50,34),('1976-09-24','b','Gleasonville','Maldives',15,'2019-05-15 23:37:11','2020-01-16 20:58:29',51,29),('2016-05-02','b','Rolfsonton','Martinique',8331,'2018-07-16 03:11:58','2020-01-16 20:58:29',52,45),('1984-10-14','a','Lake Annamaetown','Georgia',6540,'2016-04-28 18:03:50','2020-01-16 20:58:29',53,37),('2003-08-21','b','Bergetown','Guernsey',8000,'2018-06-12 23:31:48','2020-01-16 20:58:29',54,52),('2007-11-10','b','Port Khalil','Lao People\'s Democratic Republic',7371,'2015-10-16 03:00:11','2020-01-16 20:58:29',55,47),('1982-02-08','b','Celineburgh','Faroe Islands',2092,'2017-08-11 15:53:29','2020-01-16 20:58:29',56,79),('1988-10-14','a','O\'Keefemouth','Madagascar',3037,'2017-09-28 01:53:35','2020-01-16 20:58:29',57,54),('1999-12-26','b','East Nash','Guatemala',8286,'2015-11-19 21:33:39','2020-01-16 20:58:29',58,31),('1999-12-15','a','North Delmer','Slovenia',6720,'2015-06-22 04:25:13','2020-01-16 20:58:29',59,96),('1977-03-19','b','Beerville','Estonia',577,'2019-07-24 01:43:14','2020-01-16 20:58:29',60,88),('2014-12-08','b','East Kristaberg','Saudi Arabia',8691,'2019-02-09 19:41:01','2020-01-16 20:58:29',61,50),('2015-01-01','b','McCulloughton','Isle of Man',18,'2015-10-31 14:52:41','2020-01-16 20:58:29',62,84),('2012-11-28','a','West Dessieberg','Mali',831,'2015-08-11 04:27:27','2020-01-16 20:58:29',63,73),('1977-03-06','b','Nyahaven','Christmas Island',2588,'2017-09-18 14:49:20','2020-01-16 20:58:29',64,14),('1998-10-11','b','New Monroemouth','Maldives',2499,'2020-01-03 09:13:12','2020-01-16 20:58:29',65,48),('1984-12-20','a','Lowebury','Uruguay',2233,'2015-09-24 01:08:12','2020-01-16 20:58:29',66,100),('1977-08-15','b','Kovacekberg','Marshall Islands',7955,'2019-05-13 10:10:32','2020-01-16 20:58:29',67,55),('1988-06-29','b','Croninborough','Sierra Leone',5569,'2018-09-15 07:06:19','2020-01-16 20:58:29',68,74),('1992-01-19','b','Ebertton','Jordan',7411,'2015-04-27 05:50:53','2020-01-16 20:58:29',69,8),('1971-06-26','a','Port Efren','Somalia',798,'2017-12-02 23:16:45','2020-01-16 20:58:29',70,17),('1995-10-04','a','Koepphaven','Cuba',3291,'2019-02-25 21:50:13','2020-01-16 20:58:29',71,60),('1978-08-26','b','Monahanbury','Belgium',8465,'2018-04-29 16:25:12','2020-01-16 20:58:29',72,47),('2018-08-17','a','Paytonfort','Netherlands',4066,'2016-06-12 12:08:38','2020-01-16 20:58:29',73,58),('2019-12-26','a','Grahamville','Saint Helena',8981,'2016-02-26 17:32:21','2020-01-16 20:58:29',74,49),('2003-02-07','b','Eliburgh','Trinidad and Tobago',3053,'2016-07-09 23:59:21','2020-01-16 20:58:29',75,69),('2005-05-11','a','Keelingfurt','El Salvador',714,'2018-05-09 06:04:29','2020-01-16 20:58:29',76,1),('1974-11-17','b','Paytonshire','Northern Mariana Islands',597,'2018-09-27 13:42:29','2020-01-16 20:58:29',77,96),('1994-11-22','b','Croninmouth','United States of America',4506,'2016-10-31 07:30:36','2020-01-16 20:58:29',78,75),('1981-01-02','b','Niafort','Vietnam',7113,'2015-07-29 18:43:02','2020-01-16 20:58:29',79,91),('2009-05-23','b','Hintzmouth','Georgia',3157,'2017-12-11 20:15:48','2020-01-16 20:58:29',80,27),('1989-04-09','b','Veumberg','Vietnam',6159,'2015-04-14 23:10:06','2020-01-16 20:58:29',81,63),('2000-11-13','a','Ressieberg','Bulgaria',5974,'2019-11-27 01:38:33','2020-01-16 20:58:29',82,33),('1988-07-10','b','East Jazmin','Wallis and Futuna',6831,'2015-07-17 20:49:18','2020-01-16 20:58:29',83,76),('1983-05-20','b','Sethfurt','Macedonia',7902,'2019-12-07 02:25:19','2020-01-16 20:58:29',84,79),('2013-06-01','a','Kaelaton','Czech Republic',9935,'2015-07-12 11:52:51','2020-01-16 20:58:29',85,71),('1979-10-03','a','Murazikmouth','Azerbaijan',5443,'2018-07-12 06:16:33','2020-01-16 20:58:29',86,15),('2010-08-16','a','Jacobistad','British Virgin Islands',6725,'2017-02-07 23:55:13','2020-01-16 20:58:29',87,64),('1976-11-27','b','East Jed','Turkmenistan',9015,'2020-01-15 20:04:48','2020-01-16 20:58:29',88,73),('2013-09-11','b','Port Jessechester','Tanzania',9978,'2018-05-22 13:15:10','2020-01-16 20:58:29',89,76),('2002-05-23','b','Kassulkefort','Cape Verde',3120,'2017-01-28 21:41:12','2020-01-16 20:58:29',90,57),('1974-07-28','b','Evalynborough','Malawi',7008,'2019-10-10 17:09:57','2020-01-16 20:58:29',91,61),('1977-08-25','a','Littlemouth','Antigua and Barbuda',5925,'2017-06-21 21:28:30','2020-01-16 20:58:29',92,31),('1995-09-11','a','New Kyleighmouth','Portugal',2293,'2017-09-02 11:31:13','2020-01-16 20:58:29',93,71),('1979-02-28','b','North Germainemouth','Chile',1038,'2015-06-08 04:27:16','2020-01-16 20:58:29',94,65),('1991-10-11','a','New Veldamouth','Tuvalu',9591,'2019-05-31 23:20:09','2020-01-16 20:58:29',95,9),('2001-09-02','b','Michaelview','Peru',6178,'2017-05-06 02:40:31','2020-01-16 20:58:29',96,51),('1974-12-28','b','Rennerland','New Zealand',9626,'2019-01-16 03:25:11','2020-01-16 20:58:29',97,29),('2004-05-20','b','New Norvalmouth','Falkland Islands (Malvinas)',3427,'2018-04-24 16:14:02','2020-01-16 20:58:29',98,92),('2016-07-18','a','New Daishaport','Isle of Man',8123,'2019-03-28 14:08:08','2020-01-16 20:58:29',99,71),('1970-09-05','a','Streichfurt','Oman',8780,'2015-09-20 02:51:48','2020-01-16 20:58:29',100,80);
/*!40000 ALTER TABLE `profiles` ENABLE KEYS */;
UNLOCK TABLES;

--
-- Table structure for table `users`
--

DROP TABLE IF EXISTS `users`;
/*!40101 SET @saved_cs_client     = @@character_set_client */;
/*!50503 SET character_set_client = utf8mb4 */;
CREATE TABLE `users` (
  `id` int(10) unsigned NOT NULL AUTO_INCREMENT,
  `first_name` varchar(100) CHARACTER SET utf8 COLLATE utf8_unicode_ci NOT NULL,
  `last_name` varchar(100) CHARACTER SET utf8 COLLATE utf8_unicode_ci NOT NULL,
  `email` varchar(120) CHARACTER SET utf8 COLLATE utf8_unicode_ci NOT NULL,
  `phone` varchar(15) CHARACTER SET utf8 COLLATE utf8_unicode_ci NOT NULL,
  `password` varchar(15) CHARACTER SET utf8 COLLATE utf8_unicode_ci DEFAULT NULL,
  `created_at` datetime DEFAULT CURRENT_TIMESTAMP,
  `updated_at` datetime DEFAULT CURRENT_TIMESTAMP ON UPDATE CURRENT_TIMESTAMP,
  PRIMARY KEY (`id`),
  UNIQUE KEY `email` (`email`),
  UNIQUE KEY `phone` (`phone`)
) ENGINE=InnoDB AUTO_INCREMENT=101 DEFAULT CHARSET=utf8 COLLATE=utf8_unicode_ci;
/*!40101 SET character_set_client = @saved_cs_client */;

--
-- Dumping data for table `users`
--

LOCK TABLES `users` WRITE;
/*!40000 ALTER TABLE `users` DISABLE KEYS */;
INSERT INTO `users` VALUES (1,'Rae','Homenick','adenesik@example.com','(197)119-7129x3','d7b45101ad3aadb','1992-06-28 00:00:00','2006-03-06 15:39:39'),(2,'Evalyn','Lueilwitz','aufderhar.ryley@example.org','684-142-9273x38','61193ecad71bc6d','1977-11-29 00:00:00','1997-10-28 18:15:42'),(3,'Lina','Hansen','kailyn79@example.com','(279)843-6674','7d78c5382bbaca7','1995-08-25 00:00:00','1991-05-11 02:58:46'),(4,'Dameon','Leuschke','terry.gerhard@example.net','1-203-735-7382x','f396d5f84e29176','2002-06-01 00:00:00','1990-06-30 17:27:54'),(5,'Thea','Hagenes','uriel02@example.org','1-606-972-4303x','f0fe214a4b4fd97','2004-05-18 00:00:00','2015-11-02 15:05:56'),(6,'Finn','O\'Hara','madisen.senger@example.org','1-345-602-4698x','437f046247e5e99','1993-08-27 00:00:00','2017-04-26 19:09:57'),(7,'Sadye','Koepp','bernhard.frederique@example.org','267-868-9618','7d0c6485f0caae1','1977-07-21 00:00:00','1980-04-24 04:37:00'),(8,'Margaretta','Schmidt','klangosh@example.org','550-025-1502x42','13ec337a5f9c05d','2000-09-21 00:00:00','1989-04-10 23:20:05'),(9,'Torrance','Bosco','tillman.margaretta@example.org','1-355-271-7756','70f8fdbb6607b30','2019-11-19 00:00:00','2016-09-17 08:58:31'),(10,'Willow','Pollich','joshua.thiel@example.org','577.006.4785x60','7b83e4d6cb51888','1989-01-09 00:00:00','2000-12-31 20:49:29'),(11,'Alivia','Keebler','bode.unique@example.com','(588)087-5055x5','266757325f0e036','2016-04-22 00:00:00','2004-07-16 16:08:19'),(12,'Damon','Reilly','jannie24@example.net','212.830.6258x45','1ee576dd939036e','1973-04-19 00:00:00','1998-06-02 10:08:41'),(13,'Westley','McKenzie','ewell.volkman@example.net','200.521.0306x17','7833df7ff2722f1','1982-06-12 00:00:00','1983-03-01 16:58:39'),(14,'Patricia','Graham','stephania75@example.net','1-175-289-5203','7bb4169065c205f','1991-03-27 00:00:00','1986-06-15 08:33:09'),(15,'Toy','Braun','joana.kassulke@example.com','870.233.1794x24','b1bb27563ae08ff','1971-02-15 00:00:00','2018-09-26 05:06:23'),(16,'Marcelino','Armstrong','fern55@example.net','(198)783-3714x9','ee6914146718598','1989-10-16 00:00:00','1991-12-18 15:09:32'),(17,'Leilani','Collins','farrell.mustafa@example.org','+85(5)831258192','69ebbc1c7d424f6','1980-01-23 00:00:00','2001-12-06 15:07:51'),(18,'Amina','Wolf','waylon25@example.net','1-452-555-9898','d27ccf590f16aed','2003-02-26 00:00:00','1982-12-17 14:52:41'),(19,'Maritza','Lesch','ryan.stephen@example.net','+45(2)392217392','38aca19232b7ddc','1973-05-21 00:00:00','2010-10-26 23:14:44'),(20,'Brook','Bruen','robb07@example.net','793.183.3011x31','369c20806f7bb3b','1997-05-01 00:00:00','1989-12-06 04:29:16'),(21,'Hilton','Konopelski','dayana36@example.com','1-543-328-4344x','4a523b33adf321d','2007-01-02 00:00:00','1999-10-20 15:40:09'),(22,'Kaycee','Mayer','uhansen@example.org','(649)475-5636x1','c78443faae645d9','2004-10-04 00:00:00','1980-03-04 08:20:27'),(23,'Kenton','Hamill','pschoen@example.net','+66(0)390180132','38216a39c94cb91','2000-07-03 00:00:00','2006-11-03 02:48:45'),(24,'Garland','Schmitt','vmoen@example.org','1-912-779-8353x','d4b64a93b110735','2009-07-03 00:00:00','1972-06-04 22:15:44'),(25,'Alberto','Watsica','darian60@example.com','816-443-6982','e711087eba5d1d7','1986-09-29 00:00:00','1989-04-11 15:08:53'),(26,'Audreanne','Boyer','pouros.gino@example.net','094.647.9124x51','3d51e027ea3ad65','2001-05-15 00:00:00','1973-09-30 07:48:02'),(27,'Moses','Nicolas','quitzon.kathlyn@example.net','148.162.9274x78','73193549343425f','1995-09-22 00:00:00','1992-06-10 19:11:43'),(28,'Ian','Kiehn','alek16@example.org','958.214.2190x08','127904ecf62e872','1987-06-18 00:00:00','1984-04-22 22:34:00'),(29,'Nayeli','Boehm','predovic.thad@example.org','496.164.7686','353d05ef09b710c','1988-10-22 00:00:00','2017-04-10 02:14:23'),(30,'Marilie','Stark','gkoelpin@example.net','965.571.1104x58','938f5482cf0cdb5','1989-07-18 00:00:00','2002-09-06 00:24:09'),(31,'Laury','Rodriguez','jamir14@example.org','1-954-815-5108x','a15d52b0550ffeb','1974-06-19 00:00:00','1982-04-11 01:24:04'),(32,'Paula','Hilll','ibergstrom@example.com','1-117-055-5099','9acfad8670bb615','2011-03-23 00:00:00','1996-12-31 21:32:01'),(33,'Taryn','Bartell','keeling.daren@example.net','464.055.6411x91','3607a4926484559','1981-08-02 00:00:00','1995-04-06 21:25:27'),(34,'Robyn','Lang','vito12@example.org','+26(8)185342246','11cad24b526669b','1980-09-16 00:00:00','2009-06-04 17:28:02'),(35,'Lisandro','Halvorson','vkutch@example.org','(394)306-0830x5','60ad91ae43e6bc2','1986-12-17 00:00:00','1982-11-20 02:58:10'),(36,'Jodie','Luettgen','jade.volkman@example.org','(347)818-0552x2','d5ca31d0e357daa','1970-03-02 00:00:00','2017-12-19 03:01:12'),(37,'Wade','Price','pattie22@example.net','(637)154-1984x0','554445859037543','2001-11-05 00:00:00','2013-06-22 00:06:28'),(38,'Hilton','Jacobi','candace65@example.org','984-825-0273x82','1da4aa1dbfcd4bd','1992-04-28 00:00:00','2006-11-10 01:45:10'),(39,'Baby','Cummings','tommie08@example.org','753-167-4792x52','fc86799194b4069','2003-01-05 00:00:00','1981-03-12 00:18:11'),(40,'Jermain','Spinka','wwindler@example.org','960-599-0763x10','f48b04b1a3ff47f','1973-07-04 00:00:00','1981-11-10 13:20:31'),(41,'Garret','Zboncak','neal15@example.net','1-958-413-7687x','4dbb87400e8b42b','1975-02-14 00:00:00','1982-12-05 10:01:52'),(42,'Skylar','Hayes','cathrine.schamberger@example.org','1-338-488-8308x','f50921fa2de42b0','1981-05-11 00:00:00','2018-03-06 07:46:09'),(43,'Aditya','Rice','royal97@example.org','179-207-9984','fbec33b014a9349','1998-12-10 00:00:00','1974-06-17 08:52:34'),(44,'Laurence','Keebler','jenkins.mckayla@example.com','902.369.2327','fcfd393c9ce1af7','2001-11-09 00:00:00','1984-12-14 23:21:21'),(45,'Eileen','Roberts','jcorwin@example.com','556.957.0630','d42214fc72c7b5b','2009-11-16 00:00:00','2014-05-10 06:50:43'),(46,'Alessandro','Homenick','hgutkowski@example.org','924-348-7266x54','86a7984572921ce','2018-07-06 00:00:00','1990-11-29 06:29:13'),(47,'Bud','Wolf','pkreiger@example.net','1-507-970-2427','d6e25ef665b95fc','1984-05-30 00:00:00','2007-04-28 04:04:47'),(48,'Anna','Hand','welch.mose@example.org','198.664.2035','0ae25823ca626bc','1988-05-28 00:00:00','1999-03-27 08:51:28'),(49,'Kamron','Jast','angelina.crona@example.org','+83(0)256820005','4bf5bae3a264481','2001-02-15 00:00:00','1982-05-09 06:57:08'),(50,'Anthony','Prosacco','luettgen.adella@example.com','(062)869-7140x2','ab3db00a2ac0f81','2002-03-22 00:00:00','1980-04-27 03:58:55'),(51,'Earl','O\'Kon','ryan.floyd@example.org','331-892-9305','50152eabeff9bc6','1995-08-11 00:00:00','2015-02-19 02:54:20'),(52,'Miller','Mueller','hoeger.helen@example.com','08777960421','3c4c36407019483','1974-08-11 00:00:00','1989-12-28 00:34:30'),(53,'Verna','Huels','cummerata.elisabeth@example.net','+08(4)046756509','91884ce170e6ffa','1984-05-09 00:00:00','2001-09-11 05:27:29'),(54,'Shanon','Towne','schaefer.jaren@example.org','040.933.2245','c7c8e46168e7b40','2013-10-25 00:00:00','1983-12-27 15:54:00'),(55,'Thad','Carter','ucarter@example.org','1-278-230-7221x','3b0e798198b7f32','1999-08-22 00:00:00','2001-05-25 03:52:28'),(56,'Roel','Leffler','weissnat.adonis@example.com','1-597-461-7288x','dcc2e57052ed263','1998-07-11 00:00:00','1981-08-06 12:55:34'),(57,'Gladyce','O\'Keefe','mgleason@example.com','+86(1)672073645','8c255e0db9f9195','1987-10-24 00:00:00','1989-10-30 02:50:22'),(58,'Alejandrin','McKenzie','minnie90@example.org','1-876-176-0348x','bb82ba3e196f837','1979-01-21 00:00:00','2012-08-31 21:32:59'),(59,'Dallas','McCullough','jaquelin08@example.org','1-987-368-9202x','666ec20be40d251','1973-11-09 00:00:00','1985-11-25 08:53:23'),(60,'Pierre','McGlynn','cabbott@example.net','876-347-5203','118d902c9313b5e','2001-04-11 00:00:00','1986-03-03 20:06:05'),(61,'Bret','Turcotte','arnulfo.sanford@example.net','1-906-710-5769','29dc407a91b5f09','2013-09-08 00:00:00','2005-11-26 08:01:06'),(62,'Stacey','Bruen','mthiel@example.com','00256949240','d5f2b127f9f4481','2015-08-06 00:00:00','2000-12-14 13:39:34'),(63,'Jedediah','Crist','cecilia.wiegand@example.org','670-984-0081x69','1e5a40f8e89e332','2015-11-07 00:00:00','1988-03-01 04:58:34'),(64,'Kailey','Padberg','zcarroll@example.com','09738175214','5e9d82f6511db43','2012-02-12 00:00:00','2013-01-22 16:26:19'),(65,'Lysanne','Bogisich','winona05@example.com','1-842-147-2767x','5a8a6b427bed8cc','1988-04-04 00:00:00','1989-07-18 00:22:45'),(66,'Bennett','Bradtke','treutel.dale@example.org','1-790-610-1511','8be3177849f4501','2009-11-17 00:00:00','2009-07-14 06:27:43'),(67,'Idella','Larkin','marilou61@example.org','783.528.7610x24','7800d08bc2e3a77','2009-02-02 00:00:00','2008-11-11 14:42:40'),(68,'Loyce','Rippin','lauryn.beer@example.net','1-369-322-1392','746dd39815306b6','1984-08-18 00:00:00','2004-10-29 06:52:41'),(69,'Llewellyn','Breitenberg','julio.von@example.com','519.171.1878x60','7408c4d1950d34c','2006-11-07 00:00:00','1977-10-27 11:30:32'),(70,'Kole','Williamson','bud.nikolaus@example.org','438.996.9555','a1cf91340a7fb8b','2007-10-01 00:00:00','1986-08-29 01:18:16'),(71,'Elmo','O\'Reilly','josiah.hegmann@example.org','742.962.8638x49','e2922df72ba6fda','1984-08-06 00:00:00','1988-06-21 06:20:05'),(72,'Gerardo','Bruen','landen.jakubowski@example.com','119.976.3288x96','b35e0d5e03e784f','2009-05-04 00:00:00','1993-05-15 13:13:21'),(73,'Madeline','Feeney','jharvey@example.org','+43(0)760440484','584a181f3f0ef6d','2013-06-07 00:00:00','1976-11-07 11:09:15'),(74,'Filomena','Barrows','buford.smitham@example.com','(796)650-1952x5','b0938f2f6e62c01','2012-07-04 00:00:00','2004-10-15 06:07:52'),(75,'Lupe','Hagenes','emayer@example.net','223-300-8764x00','08f3d9fa53a86d1','1979-10-25 00:00:00','1984-07-22 06:22:27'),(76,'Eliseo','Harvey','istamm@example.org','250-974-0389x20','89a41558a6efe90','1986-06-24 00:00:00','1972-03-20 06:27:27'),(77,'Kenny','Wuckert','zhirthe@example.com','739-820-9400x86','375a62afc0fdb31','2003-12-30 00:00:00','1978-05-22 12:02:58'),(78,'Bella','Schmidt','grady68@example.org','423.591.9134','4fb06e29b2d89e0','2001-12-04 00:00:00','1978-11-03 03:12:22'),(79,'Lyric','Klein','hamill.remington@example.net','(446)738-6918x2','bb7fb085b567822','1992-01-28 00:00:00','2003-06-11 06:40:46'),(80,'Ronny','Mraz','harrison.skiles@example.net','(606)528-7343x3','909485395a1dfbf','1998-05-29 00:00:00','1985-06-20 19:55:52'),(81,'Wilber','Rosenbaum','rosalee.goldner@example.org','(552)347-7012x9','98d2b330cc13a82','2000-07-13 00:00:00','1976-08-09 18:38:24'),(82,'Ericka','Stroman','violette.lindgren@example.net','614-367-9574','c6ff29935469d77','1980-12-23 00:00:00','2002-02-11 14:35:54'),(83,'Alycia','Walter','max42@example.com','1-393-396-8741x','ef990d2e851eb74','2000-06-10 00:00:00','2007-09-05 16:09:59'),(84,'Salvador','Miller','nader.ethelyn@example.org','1-799-297-9720x','7060f9582d78a3e','1976-09-04 00:00:00','1999-04-15 07:41:38'),(85,'Benny','Williamson','cwalsh@example.org','800.697.8051x95','3843f3898770158','1987-07-09 00:00:00','2012-07-05 21:19:22'),(86,'Luisa','Rath','ecorkery@example.com','+22(9)991537527','47e11abb951b080','1974-05-05 00:00:00','2010-03-05 19:29:38'),(87,'Omari','Hane','lebsack.napoleon@example.com','865.723.3930x85','6e18545a35b0d7f','2007-02-24 00:00:00','2018-05-17 06:19:43'),(88,'Lorenzo','Lindgren','silas65@example.org','1-937-049-2267','125c2966d013fe5','1975-10-05 00:00:00','2019-06-17 06:37:12'),(89,'Ken','Cruickshank','eparisian@example.org','1-923-988-1854x','f8c16e1169168b6','2018-01-10 00:00:00','1975-05-10 00:21:20'),(90,'Enrico','Kulas','belle.mitchell@example.net','1-702-914-6631','85f53ba9d681f1c','1985-02-01 00:00:00','1988-01-29 11:06:59'),(91,'Mina','Gorczany','durgan.jedediah@example.net','804.110.1759','3e7eb51a673ede9','2000-11-01 00:00:00','1976-05-07 21:34:38'),(92,'Enrique','Dickens','ibarrows@example.net','03560098199','a1f88a0210fa83b','1991-07-20 00:00:00','2005-04-09 06:51:21'),(93,'Erna','Reichert','rosalyn.zboncak@example.net','446.083.7006x24','8db4f2460a022b1','1970-08-01 00:00:00','2008-02-11 18:03:57'),(94,'Jacinto','Ryan','hillary.pfeffer@example.com','1-503-034-6588','04b704b794101b7','2014-02-09 00:00:00','2008-02-20 05:01:12'),(95,'Joanne','Hilpert','helga58@example.org','1-611-607-5932','c7ad22dda35aff6','2000-12-12 00:00:00','2008-01-31 09:00:00'),(96,'Rory','Christiansen','zelda29@example.net','00534047340','b844f6039a0cad1','1995-08-31 00:00:00','2008-02-02 21:23:57'),(97,'Loren','Hessel','ymosciski@example.com','1-401-881-9440x','1de7bbdc4406e82','1988-12-31 00:00:00','2007-09-04 12:38:00'),(98,'Jaquelin','Kunde','fritsch.aaliyah@example.com','367.682.0658','e3e490fbe775019','1981-02-27 00:00:00','1975-02-01 17:12:39'),(99,'Esperanza','Goldner','blanda.freddie@example.org','(671)265-3624x0','de4be755a4109e1','1998-09-24 00:00:00','1998-08-19 04:08:02'),(100,'Cecilia','Grady','kasey30@example.com','(580)776-8686','32f71427d5a22a4','1992-07-09 00:00:00','1984-07-21 04:51:19');
/*!40000 ALTER TABLE `users` ENABLE KEYS */;
UNLOCK TABLES;
/*!40103 SET TIME_ZONE=@OLD_TIME_ZONE */;

/*!40101 SET SQL_MODE=@OLD_SQL_MODE */;
/*!40014 SET FOREIGN_KEY_CHECKS=@OLD_FOREIGN_KEY_CHECKS */;
/*!40014 SET UNIQUE_CHECKS=@OLD_UNIQUE_CHECKS */;
/*!40101 SET CHARACTER_SET_CLIENT=@OLD_CHARACTER_SET_CLIENT */;
/*!40101 SET CHARACTER_SET_RESULTS=@OLD_CHARACTER_SET_RESULTS */;
/*!40101 SET COLLATION_CONNECTION=@OLD_COLLATION_CONNECTION */;
/*!40111 SET SQL_NOTES=@OLD_SQL_NOTES */;

-- Dump completed on 2020-01-16 21:23:01
